circle code,total hh,pacca,semi-pacca,kacha,pot-able water,electricity,gas,kitchen,bath room,latrine,average household size
1870101,1292,1196,46,50,644,1263,1031,1079,1243,1220,6.12
1870102,612,556,46,10,442,606,596,468,601,608,6.18
1870103,859,739,89,31,851,855,837,790,849,857,5.79
1870104,493,428,63,2,362,486,479,487,491,310,5.6
1870105,371,343,26,2,369,370,364,357,368,368,5.99
1870106,572,540,24,8,533,567,567,495,570,570,5.83
1870107,757,744,7,6,328,756,718,745,755,754,5.67
1870108,1906,1848,5,53,1284,1902,1830,1605,1864,1899,5.97
1870109,1329,1297,1,31,742,1327,1210,1239,1308,1328,5.93
1870201,822,810,7,5,812,822,780,771,819,820,5.43
1870202,1837,1797,26,14,1528,1836,1810,1791,1827,1827,6.06
1870203,3118,2991,67,60,2795,3089,2866,2906,3073,3092,6.21
1870301,1100,1086,12,2,1097,1097,1026,1099,1100,1094,5.18
1870302,1784,1769,4,11,1758,1779,1637,1783,1779,1784,5.16
1870303,674,652,4,18,370,671,606,592,660,673,5.06
1870304,761,750,9,2,709,759,744,750,758,752,4.77
1870305,1800,1707,42,51,1670,1795,1676,1663,1790,1798,5.91
1870306,817,807,2,8,806,813,806,814,815,816,5.32
1870401,988,970,11,7,718,987,939,978,985,987,5.28
1870402,1406,1388,6,12,1376,1401,1269,1393,1395,1400,5.2
1870403,920,910,2,8,466,918,912,914,912,918,4.93
1870404,697,694,1,2,653,696,687,647,695,697,6.61
1870405,803,795,1,7,799,802,792,712,801,803,5.8
1870406,852,815,23,14,831,851,831,823,838,847,6.29
1870407,613,610,2,1,613,611,609,572,612,613,6.08
1870501,610,606,3,1,539,610,601,605,610,610,4.83
1870502,334,331,3,,328,333,296,295,331,333,4.63
1870503,1523,1437,29,57,1043,1515,1427,1505,1464,1511,5.14
1870504,3972,3741,34,197,3927,3958,3873,3583,3936,3967,6.32
1870505,3055,3008,22,25,2783,3049,2819,3013,3023,3034,5.52
1870506,2009,1918,52,39,1384,2001,1980,1969,1976,1992,6.92
1870601,2558,2462,48,48,2511,2549,2329,2410,2491,2529,5.94
1870602,904,869,22,13,889,900,813,812,879,899,7.85
1870603,1744,1604,108,32,1725,1708,1390,1441,1723,1737,6.8
1870604,1714,1649,28,37,1681,1701,1368,1345,1654,1698,6.46
1870605,1325,1256,11,58,1258,1259,922,949,1260,1270,6.04
1870606,1787,1690,78,19,1769,1777,1152,1032,1772,1762,6.68
1870701,2353,2274,37,42,1998,2316,1970,2207,2302,2328,6.1
1870702,1688,1591,43,54,1608,1661,1287,1448,1635,1684,7.02
1870703,2239,1904,296,39,2168,2211,2148,2115,2220,2235,6.25
1870704,2434,2324,44,66,2280,2391,1801,2255,2359,2390,7.34
1870705,1835,1700,59,76,1754,1792,1052,1399,1753,1811,6.48
1860101,630,539,75,16,609,623,362,408,589,596,7.18
1860102,1677,1528,125,24,1147,1656,1153,1240,1607,1644,7.25
1860103,201,129,57,15,197,195,26,79,194,195,8.74
1860104,242,187,46,9,221,242,1,50,238,238,8.23
1860105,408,299,72,37,356,359,2,209,331,364,8.41
1860106,2074,1865,171,38,2018,2053,1152,1704,1947,2019,7.39
1860107,763,678,77,8,745,760,552,567,735,740,8.28
1860108,371,332,28,11,351,366,,154,314,307,8.29
1860109,326,281,31,14,315,323,9,219,299,305,8.09
1860110,1136,865,239,32,1074,1022,188,786,1077,1093,7.39
1860111,246,128,75,43,237,244,2,121,228,230,8.73
1860112,301,281,11,9,294,300,1,159,273,281,7.66
1860113,263,218,33,12,257,256,1,159,242,260,7.41
1860201,1545,1432,74,39,1170,1532,1144,1270,1507,1524,6.65
1860202,170,136,21,13,160,170,16,163,165,165,8.26
1860203,1803,1749,43,11,686,1797,1562,1694,1788,1790,5.9
1860204,1166,740,364,62,1140,1066,735,964,1094,1124,7.19
1860205,945,831,61,53,878,932,548,723,800,806,4.87
1860206,799,730,42,27,732,781,217,464,746,779,6.84
1860207,527,486,35,6,457,523,292,513,524,527,7.09
1860208,638,585,24,29,594,634,441,406,607,616,6.89
1860209,1288,1230,32,26,1261,1274,777,1233,1262,1271,7.14
1860210,2362,2212,110,40,2284,2344,1956,2062,2320,2350,5.85
1860301,642,498,101,43,598,622,200,254,563,617,9.17
1860302,3491,3065,269,157,3329,3363,2096,2672,3320,3425,7.21
1860303,2415,2345,32,38,1428,2403,1943,2168,2339,2410,5.89
1860304,1604,1431,143,30,1563,1587,1076,989,1535,1572,7.28
1860305,4640,4486,105,49,3839,4609,3199,4024,4536,4591,5.52
1860306,604,533,64,7,548,554,53,309,567,546,7.5
1860307,2338,2171,123,44,2304,2297,1565,1430,2277,2307,6.24
1860308,646,563,73,10,518,646,6,305,508,629,7.37
1860309,551,495,39,17,528,543,320,471,530,543,7.09
1860310,950,851,76,23,925,943,697,770,916,900,6.89
1860401,520,356,154,10,510,496,10,226,473,479,8.05
1860402,782,667,98,17,773,771,130,494,766,770,7.09
1860403,1156,980,153,23,1137,1147,773,752,1117,1128,7.12
1860404,984,859,97,28,970,978,11,610,940,971,7.7
1860405,212,151,54,7,212,212,,197,207,209,7.95
1860406,1881,1498,319,64,1821,1862,558,956,1740,1682,7.8
1860407,1045,818,198,29,1019,1011,549,584,916,973,8.29
1860408,1015,944,48,23,996,1005,114,785,998,1008,7.66
1860409,1140,982,145,13,1122,1134,603,1047,1131,1140,7.18
1860410,419,373,27,19,403,415,249,324,396,416,8.45
1860411,917,819,73,25,893,908,24,496,866,909,8.9
1860501,2063,2016,36,11,2049,2051,1898,2030,2051,2056,6.12
1860502,331,321,3,7,308,326,297,276,318,325,5.54
1860503,1475,1413,30,32,1436,1470,1405,1157,1443,1473,6.11
1860504,1663,1645,3,15,1315,1659,1589,1210,1628,1661,5.67
1860601,1865,1821,29,15,1691,1859,1771,1765,1849,1863,6.14
1860602,2947,2843,35,69,2815,2930,2851,2732,2895,2946,5.78
1860701,2969,2915,28,26,2933,2962,2920,2821,2947,2967,5.61
1860801,940,925,4,11,929,940,899,938,933,938,5.97
1860802,1610,1556,32,22,1586,1608,1590,1294,1591,1609,6.56
1860803,2212,2179,11,22,2194,2204,2177,2170,2192,2210,6.41
1860804,3436,3261,134,41,3395,3398,3286,3146,3405,3434,6.43
1860901,1418,1383,24,11,1397,1404,1385,1089,1396,1407,5.94
1861001,1109,1097,5,7,1097,1104,1093,1107,1103,1108,6.04
1861002,2463,2314,14,135,2426,2447,2297,2368,2442,2457,6.21
1861101,539,533,2,4,417,539,500,505,533,534,5.52
1861102,878,870,,8,870,874,849,842,873,877,5.86
1861201,3700,3648,18,34,3120,3669,3535,3437,3672,3691,6.05
1861202,2622,2591,15,16,2573,2616,2385,2337,2609,2612,5.97
1880101,1016,1006,7,3,1004,1010,998,997,1011,1015,5.84
1880102,1198,1177,10,11,1108,1198,1103,1121,1188,1198,5.95
1880103,1404,1367,9,28,1034,1399,1344,1387,1387,1400,6.13
1880104,2213,2165,8,40,2038,2205,2133,1916,2183,2211,6.25
1880105,1569,1540,5,24,1408,1556,1478,1443,1553,1566,6.04
1880106,1849,1334,493,22,1386,1841,1681,1318,1827,1849,6.42
1880201,2117,2083,13,21,1641,2116,2047,1542,2100,2109,6.08
1880202,1068,1034,7,27,795,1063,1039,993,1039,1062,5.15
1880203,1175,1156,11,8,966,1173,1138,1145,1162,1173,5.58
1880301,2451,2407,25,19,2420,2448,2389,2442,2436,2442,6.24
1880302,1323,1276,23,24,1273,1306,1235,1216,1296,1309,5.76
1880303,1302,1290,3,9,544,1300,1204,1235,1295,1301,5.46
1880304,1954,1857,43,54,1748,1944,1864,1901,1918,1953,5.49
1880305,1494,1485,3,6,952,1492,1438,1450,1487,1491,5.7
1880401,2323,2296,5,22,2311,2320,2290,2306,2314,2323,5.81
1880402,625,619,1,5,409,625,550,600,620,625,5.6
1880403,905,862,38,5,534,903,881,813,902,905,5.94
1880404,1103,1074,21,8,929,1103,1058,884,1100,1102,6.12
1880405,1390,1366,11,13,1355,1380,1357,1385,1379,1385,5.93
1880406,949,914,22,13,938,944,919,947,943,887,5.07
1880407,1058,1054,2,2,794,1056,1041,1051,1056,1057,4.63
1880501,1672,1590,17,65,1396,1641,1590,1661,1644,1664,6.09
1880502,1901,1846,41,14,1858,1886,1777,1274,1892,1896,6.13
1880503,1941,1883,37,21,1923,1937,1885,1612,1930,1938,6.65
1880504,1349,1335,1,13,965,1342,1340,1348,1336,1349,5.62
1880505,623,619,2,2,370,622,609,620,621,621,5.25
1880506,1037,1016,16,5,808,1029,1012,1034,1033,1033,5.56
1880601,1635,1620,5,10,1626,1623,1531,1626,1627,1634,5.95
1880602,2574,2500,18,56,2178,2559,2506,2560,2521,2571,6.33
1880603,1156,1125,8,23,1065,1154,1040,1068,1134,1155,5.84
1880604,1747,1698,31,18,1648,1742,1668,1541,1728,1741,6.81
1880605,1352,1332,4,16,1317,1348,1293,1228,1343,1351,5.68
1880606,1776,1733,24,19,1025,1771,1642,1675,1756,1770,5.39
1880607,1367,1355,9,3,815,1361,1347,1354,1364,1365,5.01
1880608,856,849,1,6,420,849,788,852,855,855,5.19
1880609,595,591,,4,171,595,552,563,590,595,5.31
1880701,1517,1502,8,7,450,1495,1432,1491,1510,1507,5.3
1880702,390,388,2,,157,390,379,389,390,390,5.32
1880703,913,881,29,3,371,877,901,912,911,913,5.43
1880704,1574,1561,,13,969,1572,1513,1564,1562,1573,5.55
1880705,1983,1935,30,18,1797,1952,1911,1464,1961,1979,6.18
1880706,1625,1559,48,18,330,1610,1508,560,1614,1625,6.21
1880801,1362,1349,9,4,1001,1355,1268,1235,1354,1361,5.91
1880802,1234,1210,4,20,969,1233,1206,1046,1221,1232,6.08
1880803,1749,1719,15,15,1534,1743,1684,1679,1735,1737,5.96
1880804,3271,3197,51,23,2589,3268,3154,2592,3252,3269,6.22
1880805,854,841,11,2,558,853,835,830,852,854,5.66
1880806,2500,2467,21,12,2155,2488,2449,2302,2485,2499,6.12
1880807,1777,1704,50,23,1679,1768,1151,1579,1756,1776,6.25
1880901,1690,1622,37,31,1014,1686,1640,1486,1622,1688,6.25
1880902,954,950,1,3,948,954,852,931,952,953,6.12
1880903,1348,1311,16,21,1120,1343,1310,1104,1323,1347,6.62
1880904,1411,1387,6,18,1364,1408,1360,1266,1392,1411,5.97
1880905,2268,2207,37,24,2103,2252,2099,1962,2252,2266,6.59
1880906,2387,2276,36,75,1939,2379,2256,2126,2312,2384,6.57
1881001,2185,2163,6,16,2173,2182,1753,2146,2175,2183,6.38
1881002,2646,2605,17,24,2622,2640,2342,2633,2612,2645,6.37
1881003,978,931,14,33,946,977,927,897,951,977,6.53
1881004,2538,2476,37,25,2361,2529,2364,2289,2520,2533,6.69
1881101,3391,3303,55,33,2933,3380,3240,2877,3359,3387,6.11
1881102,3760,3726,6,28,3438,3751,3665,3755,3743,3757,5.04
1881103,2969,2819,123,27,2941,2957,2840,2501,2959,2961,6.1
1881104,1950,1937,3,10,750,1942,1887,1933,1940,1941,5.33
1881105,1293,1276,8,9,246,1292,1246,1292,1287,1289,5.61
1881106,2703,2627,52,24,2274,2683,2270,2239,2685,2694,6.22
1881107,3032,2971,19,42,1502,3017,2750,2841,2978,3022,5.61
1881108,3217,3173,10,34,1643,3207,3051,3183,3189,3210,5.11
1881109,3276,3156,84,36,2726,3239,2875,2813,3230,3250,5.82
1850101,561,517,41,3,559,553,467,430,549,552,5.91
1850102,2822,2663,86,73,2566,2801,2342,2488,2774,2816,5.95
1850103,48,18,16,14,23,33,1,18,23,17,7.19
1850104,27694,25683,764,1247,23889,27230,22027,23934,27146,27443,6.25
1850105,16573,15523,491,559,14242,16276,14296,14095,16042,16372,5.88
1850106,17328,15882,602,844,16284,17005,15311,15444,16734,17064,5.68
1850107,13989,12147,475,1367,11902,13187,11413,11624,13074,13389,5.67
1850108,863,836,14,13,512,862,818,772,851,861,5.26
1850109,9167,8571,457,139,6299,9072,7812,7214,8975,9098,6.22
1850201,559,390,136,33,540,557,215,391,510,523,6.37
1850202,1180,1062,103,15,1147,1154,924,764,1132,1143,6.99
1850301,939,930,6,3,934,938,917,796,936,939,5.37
1850302,979,957,5,17,955,972,920,928,965,977,6.22
1850303,1271,1251,12,8,1041,1267,1221,1220,1257,1269,5.89
1850304,2077,2036,18,23,1291,2076,2026,1943,2052,2076,6.22
1850305,2760,2671,47,42,2678,2744,2614,2712,2732,2757,6.53
1850306,1280,1267,7,6,1273,1277,1240,1207,1278,1279,6.03
1850401,2830,2609,184,37,2760,2783,2307,2538,2803,2800,6.41
1850402,557,548,3,6,554,557,518,502,554,556,5.7
1850403,1737,1697,23,17,1716,1734,1663,1588,1720,1737,6.28
1850404,1664,1641,14,9,1660,1661,1598,1649,1660,1664,6.1
1850501,1380,1296,71,13,1328,1374,1196,1281,1374,1378,6.07
1850502,1323,1274,48,1,1309,1315,874,1233,1320,1319,6.97
1850503,1279,962,279,38,1260,1263,792,800,1246,1265,6.41
1850504,1194,1077,27,90,1047,1185,1082,1079,1142,1193,7.07
1850505,2055,1662,343,50,2002,2022,1162,1110,1903,2049,6.52
1850506,2205,1977,160,68,2134,2187,1939,1675,2148,2199,6.51
1850601,3141,3037,45,59,2978,3120,2806,2739,3091,3122,6.35
1850602,4146,3881,195,70,3896,4092,3609,3003,4069,4108,6.45
1850603,2014,1841,146,27,1948,2006,1935,1817,1990,2011,6.28
1850604,3246,3150,49,47,2916,3215,2976,2834,3210,3228,6.03
1850605,2775,2713,16,46,2346,2761,2682,2579,2738,2772,6.31
1850701,3598,3070,423,105,3334,3574,3098,2995,3543,3582,6.39
1850702,1931,1848,43,40,1723,1916,1621,1700,1893,1924,6.44
1850703,1354,1266,11,77,1284,1341,1263,1319,1288,1349,6.5
1850704,748,718,25,5,679,742,677,725,743,747,7.02
1850801,1430,1204,200,26,1403,1388,952,1308,1410,1422,6.75
1850802,2202,2009,135,58,2168,2165,1463,2002,2152,2188,6.35
1850803,1250,1006,205,39,1201,1210,576,686,1225,1232,7.23
1850804,1877,1715,131,31,1856,1863,1471,1637,1863,1874,6.88
1850805,3026,2725,230,71,2953,2997,2456,2130,2971,3006,6.78
1850806,1504,1415,51,38,1486,1483,1437,1429,1495,1501,7.04
1850807,2126,2063,31,32,1965,2108,1917,1957,2096,2118,6.68
1850808,814,803,8,3,812,814,780,805,810,811,7.1
1850901,2206,2095,96,15,2196,2191,2138,2196,2205,2201,5.86
1850902,774,734,35,5,773,772,741,727,773,771,5.59
1850903,2231,1944,264,23,2218,2207,1883,1515,2201,2223,6.22
1850904,3595,3396,168,31,3574,3568,3047,2966,3569,3408,5.64
1850905,1685,1515,151,19,1660,1668,1573,1476,1665,1669,5.66
1850906,1264,1147,35,82,1220,1234,1057,1188,1228,1234,6.15
1850907,1782,1616,96,70,1736,1723,1580,1536,1736,1763,6.4
1851001,1163,1093,13,57,1123,1118,1052,1066,1120,1126,5.45
1851002,2331,2281,27,23,2306,2324,2263,2279,2312,2321,6.65
1851003,1612,1555,38,19,1586,1609,1544,1520,1593,1612,6.44
1851004,3495,3232,209,54,3455,3443,2866,2668,3458,3476,6.2
1851005,1860,1737,98,25,1843,1838,1679,1383,1827,1852,6.21
1851101,2402,2119,224,59,2347,2390,1987,2156,2348,2393,7.31
1851102,1784,1739,16,29,1751,1781,1641,1686,1754,1779,6.34
1851103,2461,2400,19,42,2431,2446,2305,2191,2416,2452,6.67
1851104,2069,2013,16,40,1976,2058,1966,1562,2027,1969,7.51
1851105,3792,3684,48,60,3687,3750,3630,3626,3757,3784,6.8
1851201,2299,2122,122,55,2209,2265,1857,1693,1820,2267,6.31
1851202,2249,2220,11,18,1812,2244,2197,1929,2232,2246,6.57
1851203,1980,1953,17,10,1969,1970,1694,1347,1970,1975,6.24
1851204,3079,2988,39,52,2999,3042,2967,2504,3039,3075,6.89
1851205,2708,2623,40,45,2649,2698,2591,2116,2670,2695,6.61
1851301,1845,1693,19,133,1682,1738,1622,1694,1817,1843,6.93
1851302,1211,1173,13,25,1185,1208,1153,1164,1187,1210,6.33
1851303,591,573,13,5,575,590,565,567,587,590,5.86
1851304,582,576,4,2,576,563,563,582,581,582,5.87
1851305,612,601,3,8,532,600,584,555,611,612,6.03
1851401,894,679,138,77,874,881,525,690,877,892,7.85
1851402,1426,1395,11,20,1401,1419,1298,1061,1387,1421,6.94
1851403,1642,1627,3,12,1630,1637,1604,1628,1631,1642,6.63
1851404,1427,1377,31,19,1334,1423,1406,1326,1409,1426,6.02
1851501,1528,1483,22,23,1127,1518,1405,1205,1515,1527,6.18
1851502,1653,1610,25,18,1206,1653,1580,1153,1636,1653,6.6
1851503,1276,1224,30,22,1251,1274,1211,1025,1258,1274,6.48
1851601,2664,2497,65,102,2470,2636,2023,1708,2380,2539,6.36
1851602,1719,1480,190,49,1698,1712,1664,1505,1704,1714,6.4
1851701,562,547,8,7,560,559,515,490,557,560,5.47
1851702,466,418,29,19,418,462,352,389,442,460,6.05
1851703,906,822,47,37,889,905,871,813,891,904,5.75
1851704,1549,1065,429,55,1525,1545,1443,1265,1530,1541,6.2
1851801,1291,1038,193,60,1280,1274,1234,1161,1278,1286,6.34
1851802,1596,1279,190,127,1569,1574,1560,1033,1554,1584,6.31
1851803,1256,1105,137,14,1252,1252,1233,1244,1249,1254,6.18
1851804,1616,1293,288,35,1599,1604,1479,1294,1600,1611,6.03
1851901,1063,869,60,134,1052,1059,886,1009,1047,1058,6.11
1851902,905,665,199,41,878,903,819,704,882,902,6.53
1851903,816,698,111,7,786,808,764,747,797,807,5.96
1851904,666,454,204,8,661,665,606,538,662,665,6.31
1851905,992,575,214,203,973,990,945,767,986,991,6.18
1852001,1683,1334,286,63,1659,1663,1563,1601,1657,1679,6.34
1852002,1031,856,55,120,1005,1021,838,984,1009,1024,5.82
1852101,557,436,115,6,551,556,533,495,553,555,5.85
1852102,917,583,185,149,905,899,861,884,911,912,5.79
1852103,1233,707,476,50,1212,1231,1171,1061,1211,1225,5.7
1852104,711,564,71,76,700,706,633,632,702,706,6.1
1852201,1417,1061,349,7,1405,1415,1347,1188,1398,1416,6.01
1852202,414,375,24,15,401,413,396,372,411,413,6.29
1852203,530,490,28,12,476,530,474,447,521,530,6.71
1852204,563,433,74,56,555,563,467,322,545,553,5.71
1852205,688,671,12,5,644,686,642,621,682,684,5.98
1852301,1866,1723,81,62,1670,1849,1715,1622,1827,1843,6.25
1852302,1312,1295,9,8,451,1310,1293,1275,1304,1310,6.13
1852303,474,460,2,12,466,467,453,459,468,474,6.45
1852401,1657,1590,53,14,1528,1647,1631,1572,1646,1657,6.03
1852402,1298,1121,124,53,1219,1291,1202,1191,1266,1297,6.13
1852403,818,785,24,9,809,810,783,785,808,817,5.84
1852501,1923,1886,28,9,1583,1920,1862,1877,1917,1923,6.04
1852502,1800,1772,7,21,1467,1800,1788,1796,1789,1799,6.54
1852601,889,874,10,5,763,889,876,886,885,889,7.01
1852602,589,564,17,8,560,586,429,451,584,580,6.32
1852603,2180,2142,3,35,1774,2173,2127,2170,2163,2178,6.3
1852604,1213,1204,,9,949,1212,1198,1132,1207,1213,6.56
1852701,1813,1710,86,17,1316,1809,1724,1627,1802,1811,6.61
1852702,1406,1326,59,21,1235,1384,1348,1340,1377,1406,6.38
1852801,1224,1199,15,10,1089,1221,1197,1218,1218,1223,6.77
1852802,2269,2225,14,30,1664,2264,2217,2158,2250,2265,6.63
1852901,2591,2513,32,46,2465,2577,2475,2291,2542,2587,6.34
1852902,1427,1338,83,6,838,1421,1280,1217,1420,1421,5.62
1853001,1640,1625,4,11,1621,1631,1580,1627,1633,1637,6.29
1853101,2109,2065,25,19,1812,2103,2051,1580,2095,2109,6.67
1853102,1321,1311,4,6,1310,1317,1296,1045,1312,1319,6.4
1853201,1913,1850,53,10,1898,1909,1860,1902,1903,1912,6.1
1853202,3331,3295,18,18,3288,3323,3192,2965,3310,3321,6.16
1853301,1702,1648,32,22,1451,1696,1651,1698,1687,1696,6.83
1853302,854,848,4,2,690,853,832,853,852,854,6.75
1853303,1145,1114,10,21,953,1142,1113,1086,1126,1144,7.15
1853401,1776,1639,62,75,1505,1723,1008,1091,1650,1744,6.52
1853402,1287,1138,110,39,1258,1275,512,707,1253,1278,7.65
1853501,1205,1180,3,22,964,1204,1166,1196,1185,1203,6.8
1853502,1276,1258,2,16,1258,1272,1265,1273,1262,1275,6.33
1853503,1384,1356,12,16,1364,1369,1352,1321,1358,1378,6.47
1853504,1395,1367,18,10,1125,1390,1321,1306,1387,1390,6.62
1853601,1283,1234,21,28,1251,1272,1209,1217,1255,1280,6.58
1853602,2161,2086,38,37,2120,2157,2047,1958,2111,2151,6.91
1853603,4193,4055,35,103,2614,4179,4040,3846,4103,4185,6.57
1853604,3214,3117,29,68,3020,3197,3122,3094,3151,3210,6.5
1853605,2120,2081,21,18,1287,2116,2064,1652,2086,2103,6.8
1853606,2717,2600,62,55,2651,2700,2553,2363,2662,2701,7.05
1853701,988,966,3,19,973,987,692,977,971,987,5.56
1853702,1806,1790,11,5,1794,1806,1754,1798,1801,1804,6.05
1853801,1649,1630,16,3,1644,1649,1595,1605,1640,1645,5.54
1853802,2269,2226,27,16,2252,2267,2231,2235,2254,2267,5.71
1853803,1772,1739,17,16,1608,1765,1708,1732,1755,1745,5.75
1853804,2107,2050,28,29,2098,2105,2034,2013,2096,2104,5.68
1853901,2234,2201,20,13,2219,2227,2096,2220,2227,2234,6.06
1853902,1472,1441,14,17,1466,1472,1459,1411,1465,1471,5.95
1853903,2823,2729,75,19,2750,2819,2714,2526,2816,2822,5.96
1854001,1452,1309,114,29,1427,1447,1403,1261,1433,1444,6.02
1854002,1110,943,103,64,819,1102,1005,1019,1106,1060,5.67
1854003,738,599,132,7,494,738,669,635,721,728,5.52
1854004,1200,1100,58,42,1175,1200,1172,1191,1178,1192,6.06
1854101,1359,1337,15,7,1325,1358,1332,1356,1352,1359,6.18
1854102,633,625,4,4,526,632,618,617,627,630,5.52
1854103,1205,1172,23,10,1141,1200,1169,1167,1188,1201,5.9
1854104,1717,1677,30,10,1449,1709,1671,1677,1713,1715,5.55
1854201,2391,2340,31,20,2153,2386,2271,2295,2372,2384,5.78
1854202,716,698,15,3,586,711,709,711,715,714,5.59
1854301,2589,2371,44,174,2327,2586,2455,2480,2417,2586,6.12
1854302,2013,1959,40,14,2003,2008,1975,1931,2004,2012,5.95
1854401,2207,2172,4,31,1355,2200,2176,2184,2179,2207,6.33
1854402,844,834,1,9,362,841,831,828,840,821,6.5
1854403,1841,1776,29,36,1754,1831,1796,1717,1816,1840,6.48
1854404,1783,1761,4,18,1765,1783,1726,1756,1763,1783,5.93
1854501,1413,1376,11,26,1386,1410,1351,1407,1389,1389,6.51
1854502,1601,1570,11,20,1585,1592,1531,1600,1587,1596,6.15
1854503,1874,1764,3,107,1783,1871,1847,1870,1841,1873,5.99
1854504,905,900,,5,650,901,892,905,903,904,6.57
1854505,1294,1094,94,106,1203,1125,709,823,1022,1273,7.29
1854601,2530,2439,79,12,2521,2526,2451,2500,2523,2521,6.25
1854602,1626,1550,45,31,1442,1611,1548,1270,1598,1612,6.34
1854603,1603,1589,2,12,1598,1601,1567,1442,1592,1593,6.09
1854604,2374,2310,48,16,2363,2363,2288,2300,2363,2369,6.18
1854701,10999,9786,830,383,10622,10849,6369,7601,10754,10836,6.66
1854801,1257,1245,5,7,962,1256,1192,1252,1250,1257,6.43
1854802,1990,1955,8,27,1090,1985,1964,1735,1970,1988,6.93
1854803,2061,2037,15,9,2040,2048,2008,1896,2051,2061,5.85
1854804,1633,1581,31,21,1615,1620,1464,1408,1615,1628,6.45
1854805,805,799,4,2,230,805,773,789,803,802,6.05
1854806,1035,1015,11,9,901,1026,996,1028,1025,1032,6.12
1854807,2566,2488,32,46,2316,2562,2458,2429,2532,2559,6.86
1854901,2879,2840,14,25,2858,2870,2592,2847,2867,2861,6.35
1854902,2471,2442,4,25,2450,2465,2403,2431,2455,2469,5.98
1854903,1068,1055,9,4,741,1063,1000,1018,1063,1064,5.91
1855001,3118,3038,15,65,2002,3095,2937,2922,3050,3091,6.26
1855002,1573,1558,6,9,1242,1573,1540,1506,1565,1573,6.01
1855003,2263,2218,5,40,1647,2257,2185,2222,2229,2259,6.46
1855101,1999,1985,4,10,1988,1993,1953,1990,1990,1997,5.68
1855102,1259,1233,21,5,1251,1251,1234,1211,1251,1252,5.52
1855103,1961,1917,29,15,1833,1953,1917,1900,1947,1955,5
1855104,1448,1428,13,7,1442,1447,1427,1441,1444,1448,6.38
1855201,2234,2209,14,11,2210,2229,2166,2216,2225,2231,5.72
1855202,1592,1538,33,21,1450,1577,1524,1572,1579,1589,6.52
1855203,1398,1371,7,20,1384,1372,1330,1380,1384,1397,6.33
1855204,1365,1334,21,10,1356,1365,1334,1298,1355,1363,6.42
1855301,645,622,16,7,639,637,586,629,639,583,5.6
1855302,850,847,2,1,849,849,811,837,848,848,5.61
1855303,2551,2507,21,23,2186,2547,2385,2415,2541,2550,5.91
1855304,1659,1616,17,26,1635,1654,1616,1646,1646,1656,6.16
1855305,1594,1542,44,8,1495,1593,1542,1331,1588,1516,6.57
1855401,6854,6704,96,54,6654,6818,6460,6465,6814,6835,6.15
1855402,1750,1679,49,22,1031,1742,1690,1664,1717,1745,5.22
1855403,994,960,10,24,831,975,952,973,976,980,6.14
1855404,1403,1278,15,110,1296,1291,1225,1291,1299,1369,5.97
1855405,1345,1330,7,8,1341,1344,1332,1299,1343,1344,6.07
1855406,1503,1491,2,10,1387,1499,1331,1465,1495,1501,5.45
1855407,779,732,32,15,763,763,674,734,762,771,5.55
1855501,1871,1781,62,28,1836,1856,1768,1837,1844,1867,5.79
1855502,1696,1586,51,59,1557,1690,1594,1626,1657,1683,6.3
1855503,2449,2390,27,32,2342,2432,2044,2048,2416,2442,5.97
1855504,2271,2211,25,35,2222,2265,2146,2246,2237,2263,6.03
1855505,2844,2647,111,86,2588,2836,2709,2742,2772,2840,6.23
1855506,1222,1174,18,30,1160,1220,1170,1165,1180,1217,5.99
1855507,1024,1010,11,3,925,1023,1003,1020,1024,1023,5.96
1855601,2782,2761,7,14,2762,2779,2659,2729,2774,2778,6.22
1855602,2194,2133,25,36,2147,2165,2117,2192,2163,2193,6.39
1855603,2407,2332,24,51,2375,2398,2276,2127,2383,1933,6.5
1855604,1727,1702,12,13,1113,1719,1641,1708,1715,1726,6.05
1855701,1695,1642,38,15,1680,1686,1530,1574,1683,1693,6.02
1855702,1242,1188,13,41,1229,1240,1201,1174,1232,1233,6.25
1855703,1000,978,13,9,990,999,902,906,993,1000,6.35
1855704,2054,1940,36,78,1989,2048,1884,1973,2012,2037,6.71
1855705,1164,1001,122,41,1126,1157,221,755,1130,1158,6.49
1855706,1308,1250,42,16,957,1294,1223,1298,1289,1308,6.26
1855707,6718,5906,667,145,6186,6665,6245,6151,6606,6671,6.84
1855708,3347,2740,182,425,2961,3014,645,2265,2993,3090,6.72
1855709,866,823,14,29,854,865,734,797,852,863,6.61
1855710,2365,1990,286,89,2317,2342,1313,1216,2319,2343,7.06
1855801,1056,1036,2,18,1039,1046,1041,1042,1040,1045,6.27
1855802,2357,2107,26,224,2118,2132,1964,2122,2081,2085,5.58
1855803,918,884,6,28,893,900,883,905,905,910,5.8
1855804,945,910,7,28,720,929,862,914,915,924,5.88
1855805,901,883,4,14,767,892,870,884,890,896,5.87
1855806,390,385,2,3,363,387,380,388,387,390,6
1855807,764,738,4,22,748,756,716,749,744,758,5.87
1855808,1527,1377,82,68,1466,1473,1280,1120,1465,1483,6.59
1855809,1353,1308,26,19,1337,1344,1283,836,1341,1352,6.75
1855810,1466,1399,40,27,1258,1456,1408,1442,1445,1221,6.49
1855811,2140,2084,18,38,1971,2103,2061,1766,2111,2137,6.16
1855901,2534,2143,367,24,2097,2523,2132,1838,2510,2523,6.73
1855902,3204,3009,99,96,3024,3161,1737,2966,3136,3192,6.52
1856001,2908,2540,106,262,2638,2659,2422,2147,2647,2430,6.22
1856002,1519,1471,39,9,1489,1517,1478,966,1511,1519,6.47
1856003,1615,1580,23,12,1606,1612,1526,1325,1607,1611,6.52
1856004,1310,1247,28,35,1294,1303,1258,1284,1291,1308,6.46
1856101,2273,2226,21,26,2237,2264,2042,1906,2217,2271,5.86
1856102,2123,2084,18,21,2085,2119,2032,2082,2109,2121,6.03
1856103,1494,1482,3,9,1480,1491,1473,1405,1485,1492,6.29
1856104,1743,1682,22,39,1705,1733,1730,1705,1705,1740,6.07
1856201,3634,3113,371,150,3525,3602,2514,1919,3532,3508,7.11
1856202,1857,1824,13,20,1838,1845,1789,1814,1839,1857,7.02
1856203,2134,2096,5,33,2035,2133,2077,1907,2106,2132,6.24
1856204,1145,1114,16,15,1136,1141,1112,1084,1136,1140,6.18
1856301,852,827,3,22,831,845,823,850,831,852,6.6
1856302,959,828,38,93,921,958,910,798,946,959,5.85
1856303,2185,2125,26,34,2165,2176,2108,2081,2167,2179,6.4
1856304,3175,3051,38,86,3001,3165,3054,2869,3098,3168,6.68
1856401,1591,1577,5,9,1357,1587,1561,1403,1575,1591,6.38
1856402,1714,1646,33,35,1681,1710,1660,1676,1685,1712,7.39
1856403,3370,3036,202,132,3178,3343,2621,2184,3260,3346,7.55
1856501,2436,2411,16,9,2411,2428,2318,2245,2427,2434,5.99
1856502,1581,1510,49,22,1568,1573,1550,1487,1569,1575,6.32
1856503,588,531,43,14,559,587,466,472,573,570,5.05
1856504,145,129,4,12,142,145,142,140,142,145,6.37
1856505,606,539,55,12,589,602,474,501,589,599,6.58
1856506,632,517,110,5,411,630,525,417,625,631,5.69
1856507,444,398,35,11,384,444,392,410,439,436,6.48
1856601,2742,2627,70,45,2685,2735,2657,2677,2696,2735,5.85
1856602,2081,2051,19,11,1901,2079,1995,2044,2075,2077,5.72
1856603,1679,1624,12,43,1547,1674,1607,1664,1643,1672,5.74
1856604,987,981,3,3,940,982,967,981,985,985,5.67
1856701,1535,1521,12,2,1207,1533,1497,1461,1533,1533,6.01
1856702,2889,2776,73,40,2619,2884,2715,2736,2866,2888,6.04
1856703,1666,1606,38,22,1632,1658,1592,1616,1645,1660,6.1
1856801,2562,2512,43,7,2535,2558,2399,2437,2547,2552,5.4
1856802,730,718,10,2,728,724,713,727,726,730,5.97
1856803,2566,2359,161,46,2536,2538,2349,2400,2536,2553,6.26
1856804,1296,1281,8,7,979,1292,1201,1288,1290,1290,6.08
1856901,1492,1427,56,9,1483,1491,1462,1487,1490,1492,5.66
1856902,1724,1506,186,32,1607,1715,1583,1669,1718,1719,5.38
1857001,1240,1138,95,7,1238,1238,1175,1173,1237,1240,5.89
1857002,1369,909,250,210,1272,1359,1310,1129,1348,1362,5.77
1857003,1203,1137,51,15,1183,1197,1126,992,1183,1195,5.75
1857004,1426,1149,233,44,750,1396,1323,1255,1417,1422,5.55
2590101,1439,1324,84,31,1392,1399,340,1015,1400,1376,6.94
2590102,10885,9967,656,262,10171,10620,6506,7294,10570,10830,6.04
2590103,2899,2464,347,88,2570,2817,1441,1631,2697,2772,7.04
2590104,2484,2251,179,54,2024,2473,1847,1624,2416,2471,6.7
2590105,519,404,93,22,501,508,46,258,442,481,6.55
2590106,532,428,88,16,526,530,183,179,522,530,6.52
2590107,547,495,39,13,536,540,266,271,522,547,6.36
2590108,1331,1140,155,36,1300,1292,641,1116,1300,1319,7.44
2590109,1915,1715,172,28,1751,1889,1325,1694,1890,1909,6.9
2590110,268,199,60,9,153,264,10,93,237,264,6.25
2590201,10505,10069,212,224,9647,10381,7635,8342,10293,10441,6.36
2590202,12301,11944,223,134,9664,12207,9670,11105,12161,12236,5.95
2590203,18155,17093,622,440,16506,18029,12934,16076,17724,18099,6.29
2590204,1670,1577,32,61,1463,1632,1214,1163,1585,1669,6.7
2590205,1407,1195,156,56,1363,1364,684,1241,1328,1395,6.68
2590206,4957,4630,186,141,4646,4860,3888,3856,4828,4931,6.66
2590207,1344,1287,45,12,1315,1342,1126,1161,1332,1341,6.97
2590301,1282,938,239,105,1017,1252,103,480,926,1168,6.79
2590302,1356,1147,161,48,1089,1331,855,1132,1332,1348,6.8
2590303,693,520,136,37,488,672,5,391,635,639,6.33
2590304,3069,2728,239,102,2738,2975,1821,1927,2919,2972,6.55
2590305,1484,1344,99,41,1212,1472,716,1052,1449,1470,6.33
2590306,2187,1895,263,29,2140,2153,668,1122,1966,2134,7.18
2590307,3820,3531,227,62,2689,3805,2910,2912,3628,3781,5.68
2590308,5645,5425,153,67,3852,5591,4481,5081,5553,5609,5.84
2590309,7404,6730,568,106,6843,7301,4200,4590,7229,7277,6.59
2590310,640,559,73,8,611,629,356,399,617,613,7.18
2590401,16275,15746,230,299,14570,16219,14816,15049,16082,16189,5.72
2590402,6110,5782,114,214,5722,5907,5314,5565,5994,6029,5.62
2590403,15503,14528,648,327,13777,15167,6978,12075,15236,15337,6.32
2590404,5785,5464,80,241,5163,5587,3814,5120,5610,5745,6.16
2590405,3383,3209,128,46,2355,3361,1294,2274,3339,3361,6.81
2590501,3049,2997,28,24,2705,3038,2936,2839,3022,3042,5.76
2590502,828,807,2,19,677,828,788,723,820,824,5.55
2590601,2560,2518,16,26,2351,2537,2460,2329,2523,2546,5.78
2590701,574,560,1,13,561,573,513,538,561,567,4.87
2590801,3952,3874,16,62,3821,3933,3823,3828,3916,3937,6.17
2590901,1676,1607,31,38,1580,1671,1544,1645,1667,1651,5.13
2590902,1035,1004,11,20,1009,1030,1007,1021,1018,1026,6.01
2590903,1738,1720,10,8,1729,1734,1653,1578,1730,1733,5.43
2590904,1161,1131,14,16,1004,1159,1078,1142,1147,1156,5.23
2591001,1135,1020,96,19,1103,1109,1071,940,1126,1124,5.83
2591002,1572,1435,27,110,1482,1565,1486,1515,1489,1571,5.74
2591003,975,865,39,71,959,971,926,959,966,974,8.73
2591004,1407,1316,7,84,1306,1401,1367,849,1326,1407,6.24
2591005,2056,1995,16,45,1972,2050,2009,1732,2028,2054,5.89
2591101,1909,1879,7,23,1875,1908,1865,1873,1890,1617,5.8
2591102,2089,1977,35,77,2011,2071,1814,2067,2033,2076,5.31
2591103,2019,1673,28,318,1645,2003,1923,1863,1823,1989,5.74
2591104,1536,1513,8,15,1456,1531,1497,1523,1528,1532,5.66
2591201,9041,8596,80,365,7606,8972,8394,7772,8834,8855,5.83
2591202,4320,4211,57,52,3963,4292,4136,4046,4284,4235,6.09
2591203,1925,1863,39,23,1529,1918,1714,1561,1902,1920,6.11
2591204,1600,1550,29,21,996,1587,1207,1238,1590,1599,6.17
2591301,2590,2528,32,30,2088,2577,2519,2464,2569,2588,6.34
2591302,1833,1712,81,40,1297,1804,1771,1706,1802,1831,6.58
2591303,1313,1276,29,8,1216,1305,1247,1250,1304,1300,5.6
2591304,2229,2149,34,46,1664,2210,2172,2204,2196,2223,5.58
2591401,1170,1148,3,19,1146,1143,1105,1144,1152,1158,5.57
2591402,2123,2079,24,20,1611,2115,2070,2099,2107,2117,6.29
2591403,2667,2591,37,39,2639,2649,2518,2488,2646,2655,5.96
2591404,612,603,7,2,418,606,584,547,609,609,6.28
2591501,2675,2616,22,37,2484,2664,2581,2210,2650,2671,6.23
2591502,753,748,3,2,498,752,727,686,750,753,5.42
2591503,1905,1891,9,5,1257,1897,1814,1441,1899,1905,6.21
2591504,1933,1895,18,20,1913,1928,1881,1323,1901,1932,6.07
2591505,1462,1434,15,13,1267,1436,1377,1233,1450,1454,5.66
2591506,860,834,15,11,850,846,816,741,852,857,5.93
2591601,4689,4474,120,95,4548,4644,4346,3881,4496,4673,6.36
2591602,2172,2091,26,55,2145,2151,2024,1968,2154,2144,6.39
2591603,8484,7809,161,514,7894,8384,7510,7018,8104,7926,6.45
2591604,3658,3335,59,264,3350,3635,3460,3488,3493,3161,6.57
2591605,1416,1389,12,15,1403,1412,1370,872,1402,1414,6.64
2591606,2723,2640,35,48,2393,2697,2530,1717,2340,2707,6.76
2591607,4467,4266,65,136,4344,4404,3856,3854,4360,4427,6.68
2591608,2665,2559,40,66,2593,2652,2596,2558,2606,2649,6.11
2591609,3950,3648,97,205,3430,3848,2476,2891,3800,3883,6.43
2591610,3790,3312,139,339,3703,3699,1893,2838,3708,3734,6.84
2591611,2670,2587,48,35,2323,2658,2131,2297,2582,2667,6.34
2591701,1057,1043,6,8,703,1056,972,1048,1052,1056,6.08
2591702,1200,1195,4,1,887,1196,1196,1178,1199,1198,6.46
2591703,2245,2196,20,29,2196,2235,2119,2213,2220,2240,5.81
2591704,2571,2496,39,36,2531,2546,2459,2557,2541,2569,6.37
2591705,1209,1176,26,7,1019,1180,1167,969,1204,1209,6.2
2591706,1248,1205,16,27,1212,1240,1217,1107,1224,1242,6.32
2591707,2397,2265,43,89,2199,2385,2329,2351,2323,2389,6.23
2591801,3351,3083,41,227,3112,3107,2815,3168,3138,3202,5.55
2591802,1660,1643,2,15,1644,1651,1620,1641,1648,1660,6.2
2591803,1140,1089,10,41,1000,1126,1026,1099,1119,1138,6.08
2591804,1639,1616,5,18,1626,1623,1621,1628,1626,1635,6.28
2591901,1788,1682,84,22,1771,1776,1569,1574,1767,1788,6.21
2591902,3287,3186,68,33,3194,3226,3202,3122,3261,3234,6.52
2591903,1319,1280,15,24,1253,1314,1132,1265,1307,1319,6.52
2592001,768,743,2,23,747,768,760,766,752,768,6.34
2592002,1930,1911,16,3,1926,1923,1909,1798,1926,1927,6.26
2592003,1763,1707,26,30,1736,1745,1717,1743,1737,1761,5.85
2592004,3379,3272,62,45,3327,3363,3139,2884,3343,3360,6.26
2592005,2235,2201,5,29,1645,2225,2060,2203,2221,2232,5.9
2592006,2308,2246,17,45,2255,2293,2228,2256,2264,2301,5.7
2592101,2404,2352,29,23,2379,2397,2254,2344,2386,2401,6.45
2592102,2885,2804,49,32,2742,2859,2803,2462,2857,2869,5.97
2592103,1610,1581,5,24,1583,1605,1542,1527,1591,1581,6.56
2592201,1101,1078,16,7,987,1094,1042,1100,1099,1098,5.41
2592202,1551,1512,7,32,1135,1540,1467,1475,1536,1542,5.69
2592203,2089,1999,49,41,1772,2052,1880,1938,2055,2085,5.98
2592204,878,859,2,17,788,869,829,869,869,872,5.4
2592301,1511,1434,12,65,1081,1508,1437,1415,1463,1506,6.17
2592302,2104,2051,12,41,1862,2089,2040,1563,2075,2090,5.82
2592303,2050,2000,25,25,1274,2041,1925,1706,2031,2046,5.47
2592304,1054,890,159,5,1030,1047,1006,1036,1053,1049,3.93
2592305,1007,982,5,20,941,998,983,959,988,1004,5.37
2592306,2328,2231,71,26,2183,2303,2164,2286,2303,2301,5.82
2592307,1083,1067,7,9,449,1073,1061,1059,1078,1077,5.22
2592401,2502,2350,59,93,1916,2462,2293,2067,2459,2486,5.59
2592402,1548,1472,36,40,1369,1526,1447,1454,1512,1519,5.56
2592403,2139,1977,114,48,2104,2108,1952,1123,2126,2133,6.44
2592404,4039,3907,28,104,3496,4004,3823,3971,3977,4034,5.57
2592501,1059,1041,9,9,883,1056,974,1007,1051,1059,5.44
2592502,1318,1264,21,33,1291,1302,1187,1223,1313,1312,5.16
2592503,2658,2598,17,43,2347,2642,2390,2086,2611,2656,5.77
2592504,2135,1973,81,81,1892,2080,1710,1977,2079,2098,5.9
2592505,1796,1632,25,139,1248,1720,1461,1644,1718,1787,5.67
2592506,1329,1279,25,25,1229,1321,1183,1191,1251,1232,5.44
2592507,2238,2169,10,59,1724,2219,2091,2220,2230,2233,5.53
2592601,383,382,1,,366,381,381,381,382,382,5.08
2592602,1140,1124,9,7,1119,1137,1124,1131,1133,1138,5.45
2592603,1891,1864,19,8,1840,1887,1690,1882,1882,1885,6.1
2592604,1191,1183,3,5,862,1189,1187,1183,1190,1191,5.6
2592701,2425,2313,69,43,2138,2412,2250,2149,2399,2416,5.86
2592702,1912,1811,70,31,1742,1884,1778,1531,1885,1907,6.26
2592703,1272,1259,2,11,1118,1269,1257,1260,1263,1267,5.9
2592704,511,502,,9,505,508,496,497,504,509,5.86
2592801,2420,2335,33,52,1830,2407,2281,2211,2384,2391,5.81
2592802,2087,2060,9,18,1450,2074,1941,2042,2071,2072,5.61
2592901,1410,1381,6,23,912,1407,1394,1355,1395,1407,5.86
2592902,1095,1014,70,11,923,1090,1058,1076,1090,1090,6.67
2592903,951,938,9,4,935,949,904,939,949,948,5.92
2592904,1390,1330,50,10,1382,1387,1350,1381,1384,1387,5.7
2593001,1312,1284,11,17,1194,1303,1272,1292,1294,1305,5.48
2593002,740,723,3,14,542,737,712,718,730,735,5.54
2593003,2463,2425,19,19,2240,2438,2341,2423,2443,2451,5.41
2593004,1668,1603,52,13,1172,1664,1593,1652,1656,1666,5.66
2593101,2569,2479,58,32,2535,2566,2306,2480,2542,2564,6.18
2593102,3799,3733,15,51,3474,3780,3584,3610,3757,3792,6.05
2593201,2002,1988,4,10,1925,1993,1957,1994,1995,2002,5.88
2593202,2303,2235,22,46,2198,2288,2193,2159,2268,2299,6.02
2593203,1896,1807,19,70,1480,1887,1818,1775,1831,1883,6.57
2593301,1841,1766,50,25,1688,1825,1775,1806,1825,1815,5.51
2593302,841,826,9,6,827,838,814,827,835,840,6.29
2593303,1056,1027,15,14,845,1050,993,1010,1042,1053,5.62
2593304,783,721,53,9,774,783,764,739,772,781,6.5
2593305,931,910,14,7,924,923,900,884,924,927,6.37
2593306,2191,2150,12,29,2062,2188,2126,2156,2164,2189,6.09
2593307,1956,1811,128,17,1616,1952,1878,1901,1943,1954,5.77
2593401,2328,2287,24,17,2308,2322,2198,2324,2312,2283,5.88
2593402,1927,1910,6,11,1741,1922,1859,1924,1919,1924,5.95
2593501,2196,2143,19,34,2160,2184,2151,2182,2171,2193,5.56
2593502,1055,1036,10,9,1018,1050,1006,1018,1049,1052,5.93
2593503,978,964,5,9,391,975,938,949,967,975,5.62
2593601,1660,1603,30,27,1635,1651,1553,1577,1649,1654,5.86
2593602,1287,1214,34,39,1252,1286,1240,1200,1271,1286,6.05
2593603,2032,1957,50,25,2000,2011,1937,1978,2009,2020,5.94
2593604,2109,2023,28,58,1928,2084,2053,2033,2055,2107,5.84
2593605,2102,2065,18,19,1647,2088,1918,2053,2087,2024,5.49
2593701,971,952,3,16,174,955,942,967,962,564,5.66
2593702,1501,1470,20,11,1395,1498,1453,1438,1488,1492,6.27
2593703,2408,2381,10,17,1779,2391,2329,2230,2392,2186,5.75
2593801,1340,1250,48,42,1279,1281,1032,1132,1269,1295,6.54
2593802,1653,1520,103,30,1621,1620,625,697,1617,1648,6.64
2593803,1510,1362,126,22,1487,1503,987,1029,1491,1508,7.66
2593804,3263,2879,320,64,3086,3221,1820,1756,3162,3252,7.04
2593805,3371,3090,171,110,3215,3328,2022,2069,3243,3351,7.23
2600101,1698,1465,190,43,785,1684,638,1006,1622,1659,7.52
2600102,1258,1118,130,10,949,1251,370,819,1098,1075,6.79
2600103,5031,4693,252,86,4803,4977,4087,4024,4789,4847,6.7
2600104,7522,7245,169,108,6671,7449,5714,6522,7398,7082,6.17
2600105,3958,3716,174,68,3430,3864,2471,3066,3838,3931,6.28
2600106,102,95,5,2,89,102,46,73,97,102,7.43
2600107,1800,1331,341,128,1296,1791,1004,985,1263,1636,6.49
2600108,248,207,35,6,207,244,22,136,235,242,6.58
2600109,6383,5983,154,246,5453,6280,4796,5442,6134,6338,6.39
2600110,1499,1223,221,55,947,1484,544,955,1284,1392,6.94
2600111,760,702,45,13,583,759,436,517,739,754,8.11
2600201,1021,846,123,52,904,1000,471,803,899,944,7.37
2600202,4166,3818,233,115,3884,4112,2585,3068,3962,4042,6.54
2600203,2082,1786,211,85,1865,2064,1168,1534,1994,2059,7.37
2600204,1124,1009,93,22,1024,1119,9,866,1091,1107,8.55
2600205,1395,1265,103,27,1296,1378,686,794,1231,1337,7.69
2600206,407,332,56,19,388,407,2,345,385,398,8.19
2600207,231,162,50,19,219,227,2,145,214,216,7.19
2600208,565,472,70,23,496,556,157,373,526,539,8.34
2600209,149,112,24,13,149,148,,139,147,148,8.78
2600301,1769,1544,161,64,1249,1756,1025,1264,1678,1734,7.24
2600302,645,502,120,23,488,637,6,636,631,641,7.13
2600303,1475,1207,187,81,1124,1431,813,769,1382,1403,7.37
2600304,2321,2004,247,70,2102,2248,1407,1701,2227,2245,6.31
2600305,6798,6194,475,129,5752,6653,5112,4840,6633,6613,6.66
2600306,418,265,98,55,397,412,13,184,304,337,7.67
2600307,2414,2248,105,61,2303,2402,1578,1645,2330,2373,6.34
2600308,252,218,25,9,250,252,3,154,245,248,8.38
2600401,1538,1507,20,11,1351,1538,1451,1525,1529,1536,6.72
2600402,1836,1795,13,28,1579,1827,1806,1787,1817,1829,6.56
2600403,2383,2302,45,36,2298,2378,2294,2318,2364,2372,6.33
2600501,1585,1424,112,49,1146,1581,1522,1136,1566,1580,6.2
2600502,1459,1397,41,21,1431,1452,1356,1062,1435,1457,6.44
2600601,1506,1482,12,12,1442,1502,1481,1418,1494,1504,6.23
2600602,2003,1947,30,26,1981,1994,1945,1824,1985,1998,6.51
2600603,1022,983,26,13,935,1014,910,789,1014,1021,6.08
2600604,996,963,18,15,980,991,957,765,978,991,6.26
2600605,918,875,3,40,891,916,888,889,902,911,6.46
2600606,909,882,23,4,686,909,883,873,908,908,6.09
2600607,903,894,5,4,896,898,891,840,895,888,6.25
2600701,1644,1622,9,13,1631,1637,1624,1050,1623,1644,6.29
2600702,904,870,19,15,889,904,873,786,890,894,6.65
2600703,2891,2816,25,50,2127,2869,2801,2396,2833,2884,6.65
2600704,2292,2194,55,43,2227,2284,2225,2037,2251,2290,6.79
2600801,1580,1288,40,252,1333,1347,1113,1231,1360,1391,6.3
2600802,2106,1990,100,16,2085,2091,1987,1666,2075,2102,6.41
2600803,1009,987,6,16,986,1005,953,988,992,1003,6.19
2600804,1952,1850,67,35,1923,1941,1836,1749,1927,1918,6.57
2600805,1596,1535,36,25,1585,1593,1526,1208,1584,1592,6.25
2600806,668,583,27,58,629,660,521,648,636,659,7.32
2600807,1511,1481,17,13,1507,1507,1437,1498,1504,1510,6.25
2600808,1436,1389,32,15,1243,1433,1315,1346,1422,1436,6.4
2600809,1627,1611,9,7,947,1626,1503,1311,1617,1625,6.26
2600810,3379,3305,50,24,2787,3365,3284,3242,3359,3372,6.48
2600811,772,746,19,7,766,772,763,748,768,745,6.16
2600812,577,530,44,3,577,573,538,543,576,437,5.86
2600813,927,754,130,43,906,922,886,844,917,926,5.76
2600814,486,402,69,15,474,484,412,330,474,482,6.18
2600815,966,805,110,51,944,966,926,884,944,965,6.15
2600901,1833,1797,7,29,1802,1830,1806,1812,1806,1830,6.34
2600902,855,846,6,3,729,851,827,787,851,853,6.27
2600903,1209,1193,7,9,1204,1209,1161,1203,1204,1206,6.34
2600904,1768,1717,29,22,1612,1763,1694,1420,1754,1762,5.96
2600905,1484,1462,11,11,1469,1483,1434,1462,1475,1480,6.47
2600906,1376,1347,16,13,1364,1369,1301,1284,1359,1373,5.87
2601001,820,810,4,6,805,814,792,793,815,818,6.1
2601002,1042,998,7,37,1004,1038,983,1022,1006,1026,6.62
2601003,947,938,2,7,942,947,900,867,942,945,6.54
2601004,1822,1737,44,41,1431,1815,1701,1651,1794,1818,6.51
2601005,2621,2526,63,32,2586,2600,2205,2406,2589,2617,6.58
2601006,2628,2488,64,76,2478,2618,2475,1964,2549,2623,6.31
2601007,4258,3990,144,124,4162,4228,3605,2824,4142,4211,6.52
2601101,2210,2121,64,25,1937,2208,2151,1835,2190,2208,6.28
2601201,2414,2387,15,12,2401,2409,2283,2285,2407,2411,6.15
2601202,1213,1194,6,13,1181,1201,1164,1060,1202,1211,6.43
2601203,902,875,20,7,895,898,889,890,898,901,7.2
2601301,964,898,57,9,811,956,932,761,957,960,5.97
2601302,1003,966,23,14,674,1000,945,731,980,989,5.71
2601303,1219,1156,36,27,1202,1208,1123,1188,1205,1215,6.57
2601401,1795,1767,6,22,913,1781,1755,1643,1777,1793,6.09
2601402,4356,4217,67,72,3622,4345,4172,3960,4298,4340,6.32
2601403,1424,1377,27,20,1073,1424,1313,1221,1414,1422,6.33
2601404,1515,1480,24,11,1305,1514,1470,905,1500,1512,6.13
2601405,659,581,61,17,277,659,495,493,644,656,6.78
2601501,1766,1601,114,51,1719,1752,1404,1427,1735,1750,6.22
2601502,1217,1061,49,107,1183,1211,1060,1095,1181,1208,5.74
2601503,573,418,150,5,568,572,568,567,561,573,5.46
2601504,948,868,67,13,937,943,924,947,944,945,5.74
2601601,1280,1262,9,9,1278,1275,1226,1264,1277,1275,5.42
2601602,783,772,5,6,776,770,731,782,781,783,6.05
2601701,1463,1367,79,17,1407,1454,1362,1449,1443,1442,6.16
2601702,943,838,70,35,919,931,894,916,921,931,6.31
2601801,1341,1299,19,23,1326,1340,1319,1338,1331,1339,5.86
2601802,1301,1285,9,7,1177,1299,1296,1168,1293,1298,6.18
2601803,1722,1654,49,19,1686,1720,1675,1623,1712,1718,6.04
2601804,1138,1125,8,5,1132,1137,1126,1133,1134,1138,6.43
2601901,731,709,15,7,730,731,706,680,726,731,5.49
2601902,1192,1151,33,8,1184,1184,1131,1174,1183,1191,5.69
2601903,1086,1060,17,9,1028,1084,1059,1002,1078,1084,5.98
2602001,1568,1553,3,12,1524,1568,1550,1465,1562,1567,5.66
2602002,1715,1686,9,20,1130,1708,1701,1521,1697,1714,5.67
2602003,1866,1845,8,13,1801,1863,1783,1808,1770,1864,5.92
2602101,1151,1002,130,19,1085,1151,1117,1031,1133,1143,5.74
2602102,3548,3454,43,51,3302,3536,3414,3207,3522,3544,5.95
2602103,2655,2609,14,32,2012,2646,2579,2204,2631,2650,6.51
2602104,1890,1855,24,11,1858,1885,1794,1408,1879,1889,6.14
2602201,1610,1584,4,22,857,1599,1555,1382,1594,1607,6.4
2602202,4452,4340,70,42,4286,4431,3647,3429,4410,4435,6.13
2602203,2116,2066,33,17,2062,2107,2052,1909,2104,2092,6.39
2602204,1529,1488,34,7,1493,1528,1469,1225,1520,1520,6.28
2602205,1117,1101,8,8,1110,1113,1107,1088,1110,1115,6.51
2602206,1497,1417,68,12,1480,1491,1462,1061,1486,1497,6.68
2602301,1083,1057,19,7,1076,1074,1038,966,1072,1083,6.11
2602302,1301,1283,8,10,1290,1297,1267,1297,1295,1292,6.51
2602303,1671,1615,39,17,1628,1666,1619,1499,1654,1671,6.44
2602304,1066,1046,,20,1047,1063,1043,1031,1046,1064,6.17
2602305,1925,1881,31,13,1892,1899,1855,1651,1905,1922,6.63
2602401,1512,1492,15,5,1506,1493,1441,1494,1507,1508,5.91
2602402,1196,1140,38,18,1182,1187,1153,1167,1184,1195,6.8
2602403,1816,1773,22,21,1770,1807,1725,1404,1788,1814,7.76
2602404,2819,2730,37,52,2382,2812,2586,2518,2774,2813,7.22
2602501,1757,1663,63,31,1393,1742,1296,1425,1728,1752,6.63
2602502,3517,3242,200,75,2881,3481,2753,2613,3447,3510,6.99
2602503,2872,2595,125,152,2441,2803,2459,2176,2742,2864,7.48
2602504,711,550,111,50,632,695,134,521,630,708,6.93
2602601,1716,1692,9,15,1124,1707,1647,1476,1698,1712,6.22
2602602,1147,1138,6,3,1020,1140,1103,1143,1143,1147,6.1
2602603,6329,5948,263,118,4891,6195,4764,4599,6176,6297,6.58
2602701,1975,1932,12,31,1958,1953,1901,1842,1962,1975,6.07
2602702,3108,3038,52,18,3056,3097,2782,2830,3061,3098,6.39
2602703,1439,1359,65,15,1231,1430,1411,1317,1429,1438,6.39
2602704,1570,1524,28,18,1314,1548,1453,1487,1546,1567,5.84
2602705,1507,1434,44,29,1435,1501,1336,1283,1492,1504,5.59
2602706,2620,2590,17,13,2186,2547,2335,2415,2601,2613,6.61
2602707,2414,2241,95,78,2320,2352,1897,2150,2337,2390,6.67
2602801,2284,2258,8,18,2192,2280,2216,2206,2264,2281,6.34
2602802,2023,1982,15,26,2004,2014,1982,2009,2009,2022,6.41
2602803,1552,1520,9,23,1522,1543,1464,1525,1532,1544,6.23
2602804,3294,3209,39,46,2376,3283,2924,3090,3256,3285,6.19
2602805,1983,1897,64,22,1198,1978,1933,1871,1966,1976,6.52
2602901,1905,1847,9,49,1666,1901,1824,1693,1867,1904,6.49
2602902,1828,1794,24,10,1071,1825,1676,832,1814,1827,5.5
2602903,2141,2068,40,33,1291,2127,1994,1804,2117,2127,5.9
2602904,1264,1252,3,9,1084,1259,1234,1242,1257,1256,6.08
2603001,2837,2805,13,19,2811,2829,2785,2809,2818,2828,5.88
2603002,3178,3094,55,29,2489,3165,3024,3086,3156,3168,6.12
2603003,650,639,8,3,461,650,627,637,648,648,6.29
2603004,1557,1530,4,23,1434,1545,1432,1531,1536,1555,6.28
2603005,2197,2138,13,46,2141,2182,1952,2105,2155,2194,5.86
2603101,7253,7091,101,61,7182,7202,6804,6858,7210,7240,6.28
2603102,1264,1246,6,12,1245,1262,1167,1191,1250,1264,6.25
2603103,1200,1161,10,29,1159,1197,1126,1087,1184,1179,6.45
2603201,4592,4497,51,44,3754,4572,4421,4073,4545,4571,6.37
2603202,6726,6518,110,98,5089,6680,5918,6510,6636,6691,6.18
2603203,2979,2950,11,18,1231,2973,2890,2876,2960,2970,5.97
2603204,1968,1930,13,25,940,1958,1888,1933,1945,1962,6.18
2603205,878,869,6,3,852,876,869,877,875,875,6.19
2603301,2228,2200,17,11,2213,2225,1945,2194,2210,2225,6.2
2603302,1774,1622,82,70,1562,1753,1161,1452,1731,1756,6.26
2603303,3692,3582,55,55,2609,3667,3041,3319,3651,3651,6.12
2603304,5274,5148,63,63,4421,5237,4857,4450,4638,5262,6.46
2603305,6647,6416,148,83,6287,6600,6052,5300,6571,6614,6.03
2603401,3470,3373,31,66,2579,3454,3321,3148,3404,3458,6.17
2603402,2833,2794,17,22,2077,2825,2770,2780,2817,2827,5.95
2603403,2861,2817,15,29,2339,2843,2771,2810,2843,2854,6.05
2603501,3172,3069,72,31,2726,3155,3011,2685,3144,3167,6.48
2603502,1962,1876,52,34,1657,1946,1852,1922,1931,1952,6.38
2603503,1666,1611,26,29,1395,1653,1334,1432,1653,1664,6.37
2603504,1285,1276,2,7,548,1282,1242,1280,1280,1285,5.83
2603505,946,942,,4,719,940,934,945,941,944,5.74
2603601,1517,1423,41,53,1418,1514,1481,1152,1501,1513,6.24
2603602,1441,1341,77,23,1368,1436,1372,1131,1434,1440,6.23
2603603,1253,1233,10,10,961,1252,1205,1034,1242,1253,6.61
2603604,1376,1326,20,30,1105,1367,1311,1244,1355,1375,6.36
2603701,2085,1990,54,41,1283,2081,1844,1932,2047,2083,6.23
2603702,1279,1250,12,17,942,1277,1232,1126,1263,1271,5.97
2603703,1596,1584,2,10,1407,1593,1515,1543,1588,1595,5.75
2603704,1937,1899,9,29,1339,1923,1869,1909,1922,1929,5.78
2603801,1568,1410,98,60,1507,1563,1472,1484,1508,1559,5.86
2603802,1460,1280,147,33,1426,1459,1385,1344,1426,1453,5.51
2603803,1280,1212,41,27,1228,1277,1162,1087,1213,1245,6.03
2603901,810,775,25,10,697,804,744,755,803,807,6.57
2603902,1670,1597,47,26,1439,1652,1581,1622,1646,1666,6.14
2603903,623,564,45,14,448,618,610,621,611,622,6.49
2604001,981,762,205,14,838,972,946,942,965,978,5.79
2604002,923,753,96,74,913,919,910,708,918,919,5.77
2604003,910,875,26,9,898,904,793,885,900,899,6.05
2604004,1199,960,205,34,1173,1179,1079,997,1185,1194,5.73
2604005,968,944,15,9,959,967,909,967,961,956,6.3
2610101,1168,1073,82,13,904,1141,600,1007,1137,1151,5.95
2610102,2621,2480,70,71,2495,2617,2011,2288,2564,2596,5.46
2610103,10452,9632,594,226,9984,10297,7840,8544,10274,10375,6.1
2610104,12426,11858,376,192,11343,12318,10164,9371,12240,12397,6.25
2610105,4625,4421,117,87,4196,4581,3026,3927,4550,4546,5.4
2610106,1224,1184,37,3,830,1218,951,1160,1210,1217,5.83
2610107,9615,9087,302,226,8428,9456,7640,7900,9359,9500,5.97
2610201,1372,1216,130,26,1331,1349,831,1085,1270,1364,5.96
2610202,1657,1336,304,17,1634,1654,46,1425,1632,1655,6.22
2610203,2315,1791,452,72,2290,2295,36,969,1854,2297,6.01
2610204,1250,753,471,26,1031,1238,62,618,1040,961,6.64
2610205,12478,10760,1483,235,11340,12222,4545,7527,11822,12205,6.47
2610206,571,545,9,17,564,561,,122,365,350,7.37
2610207,1977,1617,320,40,1857,1960,661,1162,1944,1965,6.85
2610208,1746,1582,148,16,1720,1729,278,829,1711,1728,6.02
2610301,1838,1513,267,58,1804,1805,94,1182,1741,1637,7.13
2610302,5378,5074,223,81,5065,5281,3382,4225,5139,4888,6.64
2610303,4612,4203,301,108,4401,4529,3745,3742,4495,4495,6.08
2610304,1344,1140,179,25,1319,1335,1020,1209,1310,1331,5.96
2610305,338,265,59,14,327,334,3,168,316,310,7.48
2610306,2224,1549,495,180,1869,2212,544,1176,1793,1972,6.86
2610307,2306,1880,361,65,2232,2257,347,1571,2213,2227,7
2610401,752,517,200,35,484,744,268,619,730,733,6.59
2610402,758,693,61,4,474,752,484,615,749,752,6.76
2610403,2086,1805,228,53,2056,2073,1475,1583,2026,2076,5.98
2610404,3098,2470,558,70,3019,2977,1816,2368,2881,2978,6.75
2610405,2167,1755,325,87,2106,2011,762,1622,2013,2099,6.93
2610406,683,404,267,12,655,678,372,464,669,679,6.74
2610407,2266,1905,282,79,1936,2243,1325,1761,2231,2259,6.15
2610408,1707,1503,179,25,1676,1687,1188,1329,1631,1694,7.59
2610409,544,478,52,14,534,539,149,397,524,530,5.92
2610410,659,532,95,32,638,646,136,605,627,651,6.22
2610501,785,691,86,8,777,780,4,510,749,755,6.13
2610502,2057,1217,629,211,1959,1997,967,1503,1815,1965,6.9
2610503,2119,933,1046,140,1711,2104,741,749,1539,1596,6.53
2610504,595,449,127,19,583,591,16,435,526,552,7.16
2610505,5473,4305,933,235,5239,5240,3366,4167,5070,5264,6.72
2610506,459,299,74,86,421,437,111,258,419,436,6.85
2610507,95,60,32,3,93,85,18,31,73,75,6.55
2610508,1168,817,288,63,1043,1159,173,694,935,1085,7.43
2610509,4224,3281,750,193,4026,4079,264,2067,3973,4132,7.03
2610510,2436,2059,348,29,2367,2419,110,1475,2306,2332,6.12
2610601,2087,1820,214,53,1710,2075,2013,1904,2073,2079,5.97
2610602,2227,1874,236,117,1396,2123,1757,1697,2152,2176,6.4
2610603,3836,2897,840,99,3708,3801,2670,2311,3760,3802,6.11
2610604,2310,1958,237,115,2231,2247,1016,1760,2197,1822,6.14
2610605,2318,1812,453,53,1960,2245,1564,1647,2189,2264,6.05