,longitude,latitude,circle code,population-all sexes,population-male,population-female,population-transgender,literacy % (10+ years)-female,literacy % (10+ years)-transgender,primary but below matric-male,primary but below matric-female,primary but below matric-transgender,matric but below degree and others-male,matric but below degree and others-female,matric but below degree and others-transgender,degree and above-male,degree and above-female,degree and above-transgender,religion-muslim,religion-nonmuslim,10 years and above,18 years and above,60 years and above,worked (10 years and above),holding cnic (18 years and above),literacy % (10+ years)-all sexes,literacy % (10+ years)-male,male voters,female voters,total hh,pacca,semi-pacca,kacha,pot-able water,electricity,gas,kitchen,bath room,latrine,average household size
0,74.400246,31.306654,2590101,10181,5354,4826,1.0,52.7,100.0,1337,1041,1.0,740,455,,222,207.0,,9154,1027.0,7403,5512,482,262,4348,58.94,64.54,1851,1206,1439,1324,84.0,31.0,1392,1399,340.0,1015,1400,1376,6.94
1,74.351414,31.406584,2590102,67099,36442,30636,21.0,64.32,66.67,9524,6527,3.0,5532,3825,3.0,1325,1084.0,,56602,10497.0,49389,37980,2644,18611,30474,69.37,73.46,12491,8259,10885,9967,656.0,262.0,10171,10620,6506.0,7294,10570,10830,6.04
2,74.392436,31.330532,2590103,20623,10760,9861,2.0,53.05,100.0,2434,1798,1.0,1226,972,1.0,549,418.0,,18739,1884.0,14700,11050,1050,3005,8845,58.12,62.61,3154,2060,2899,2464,347.0,88.0,2570,2817,1441.0,1631,2697,2772,7.04
3,74.36809122,31.34789887,2590104,16928,8926,7997,5.0,61.07,40.0,2576,1855,1.0,1279,881,1.0,256,220.0,,16488,440.0,12124,8928,700,1209,6945,68.22,74.52,3764,2483,2484,2251,179.0,54.0,2024,2473,1847.0,1624,2416,2471,6.7
4,74.43654,31.29799,2590105,3591,1865,1725,1.0,51.16,,434,350,,189,105,,32,21.0,,3522,69.0,2596,1920,182,213,1396,58.36,65.06,1011,667,519,404,93.0,22.0,501,508,46.0,258,442,481,6.55
5,74.396833,31.298688,2590106,3491,1840,1650,1.0,44.86,,371,237,,169,110,,33,30.0,,2292,1199.0,2492,1871,145,977,1452,51.36,57.14,819,617,532,428,88.0,16.0,526,530,183.0,179,522,530,6.52
6,74.410194,31.28526,2590107,3687,2009,1678,,51.45,,481,349,,210,149,,37,39.0,,3139,548.0,2769,2160,162,1168,1648,53.92,55.93,778,481,547,495,39.0,13.0,536,540,266.0,271,522,547,6.36
7,74.43876,31.31571,2590108,9936,5077,4858,1.0,58.11,100.0,1527,1233,1.0,661,440,,104,69.0,,9819,117.0,7105,4967,470,1647,3519,64.42,70.33,2681,1632,1331,1140,155.0,36.0,1300,1292,641.0,1116,1300,1319,7.44
8,74.395794,31.35639,2590109,13375,7011,6362,2.0,64.53,50.0,1811,1346,,816,617,,175,104.0,,13251,124.0,9424,6880,544,2796,5419,69.62,74.13,2399,1454,1915,1715,172.0,28.0,1751,1889,1325.0,1694,1890,1909,6.9
9,74.423872,31.326652,2590110,1674,837,837,,42.42,,210,109,,53,32,,14,8.0,,1674,,1210,924,87,421,823,50.83,58.93,484,354,268,199,60.0,9.0,153,264,10.0,93,237,264,6.25
10,74.36024628,31.43299978,2590201,68100,35870,32223,7.0,69.9,14.29,9383,7189,,6971,5515,,2153,1869.0,1.0,62814,5286.0,50589,39396,3165,18030,32324,74.41,78.42,18030,12871,10505,10069,212.0,224.0,9647,10381,7635.0,8342,10293,10441,6.36
11,74.37602732,31.42491362,2590202,74875,39845,35021,9.0,74.18,88.89,10379,8109,4.0,9001,7030,4.0,2295,2073.0,,70627,4248.0,56627,44369,3474,23411,37273,77.9,81.14,9698,6838,12301,11944,223.0,134.0,9664,12207,9670.0,11105,12161,12236,5.95
12,74.3637,31.410822,2590203,119565,64101,55439,25.0,63.87,44.0,17564,12489,4.0,11440,8183,6.0,2463,2202.0,,59391,60174.0,91371,71594,5707,38775,60343,68.57,72.52,21686,16570,18155,17093,622.0,440.0,16506,18029,12934.0,16076,17724,18099,6.29
13,74.403149,31.437145,2590204,12014,6495,5519,,59.52,,1650,1116,,1065,634,,422,401.0,,11886,128.0,8917,6841,619,1229,5514,65.71,70.82,2627,1880,1670,1577,32.0,61.0,1463,1632,1214.0,1163,1585,1669,6.7
14,74.39302,31.39582,2590205,9597,5171,4426,,47.01,,1068,744,,559,309,,90,55.0,,6118,3479.0,7102,5440,478,2719,4128,53.87,59.58,2788,1753,1407,1195,156.0,56.0,1363,1364,684.0,1241,1328,1395,6.68
15,74.38551,31.43936,2590206,33319,17295,16019,5.0,65.99,20.0,3988,3257,,2561,2263,,1254,1090.0,,31898,1421.0,24673,18517,1748,7317,14543,69.36,72.47,6143,3972,4957,4630,186.0,141.0,4646,4860,3888.0,3856,4828,4931,6.66
16,74.413605,31.452607,2590207,9455,4927,4527,1.0,64.43,,1442,1056,,735,506,,212,152.0,,9347,108.0,6766,4975,394,1651,3844,71.95,78.74,2097,1408,1344,1287,45.0,12.0,1315,1342,1126.0,1161,1332,1341,6.97
17,74.35627337,31.3194925,2590301,8741,4512,4228,1.0,60.35,100.0,1060,824,,415,225,,52,32.0,,7700,1041.0,6088,4456,439,2270,3525,67.02,73.17,1895,1121,1282,938,239.0,105.0,1017,1252,103.0,480,926,1168,6.79
18,74.371918,31.317067,2590302,9362,4965,4397,,57.64,,1328,927,,845,484,,162,121.0,,8721,641.0,6729,5054,459,2676,3739,66.52,74.24,2699,1805,1356,1147,161.0,48.0,1089,1331,855.0,1132,1332,1348,6.8
19,74.313517,31.346321,2590303,4399,2314,2084,1.0,40.03,,363,304,,168,88,,15,15.0,,4194,205.0,3134,2320,259,767,1464,43.75,47.1,1219,687,693,520,136.0,37.0,488,672,5.0,391,635,639,6.33
20,74.334614,31.376989,2590304,21747,12242,9501,4.0,56.94,25.0,3238,1925,1.0,1419,804,,155,101.0,,20992,755.0,15863,12313,885,5019,10170,62.66,66.79,4559,2877,3069,2728,239.0,102.0,2738,2975,1821.0,1927,2919,2972,6.55
21,74.3027702,31.39990048,2590305,9471,5113,4358,,59.48,,1300,880,,648,419,,182,121.0,,8700,771.0,6951,5281,435,1412,4207,66.45,72.07,1267,778,1484,1344,99.0,41.0,1212,1472,716.0,1052,1449,1470,6.33
22,74.358678,31.279964,2590306,16334,8406,7926,2.0,53.92,50.0,2243,1699,,1211,810,1.0,167,88.0,,15749,585.0,11662,8511,738,2930,6509,61.59,68.83,4391,2884,2187,1895,263.0,29.0,2140,2153,668.0,1122,1966,2134,7.18
23,74.283766,31.372588,2590307,22161,11829,10332,,68.03,,2761,1966,,2195,1492,,1243,1072.0,,20772,1389.0,16589,13046,1273,5878,10823,72.7,76.63,4046,2585,3820,3531,227.0,62.0,2689,3805,2910.0,2912,3628,3781,5.68
24,74.278502,31.391557,2590308,33589,17569,16015,5.0,82.89,80.0,3390,2570,,3706,3371,2.0,3887,3380.0,2.0,32586,1003.0,26153,21047,2508,7442,18940,85.17,87.22,2631,1812,5645,5425,153.0,67.0,3852,5591,4481.0,5081,5553,5609,5.84
25,74.35317647,31.37344474,2590309,49629,26116,23506,7.0,57.42,42.86,6690,4982,,3410,2523,1.0,620,570.0,1.0,46978,2651.0,35848,27039,1918,10683,20929,62.11,66.24,8222,5526,7404,6730,568.0,106.0,6843,7301,4200.0,4590,7229,7277,6.59
26,74.307148,31.362519,2590310,4643,2389,2253,1.0,50.73,100.0,635,469,,234,144,1.0,39,33.0,,4353,290.0,3263,2358,233,453,1540,57.71,64.2,1102,622,640,559,73.0,8.0,611,629,356.0,399,617,613,7.18
27,74.28766382,31.44394219,2590401,93665,47561,46090,14.0,84.43,57.14,7015,6356,,9382,9684,5.0,14500,13177.0,3.0,91121,2544.0,74442,60660,8929,28169,55756,86.11,87.77,22717,20811,16275,15746,230.0,299.0,14570,16219,14816.0,15049,16082,16189,5.72
28,74.25801999,31.43320603,2590402,35060,17813,17246,1.0,84.08,100.0,2442,2330,1.0,3886,3725,,5471,4695.0,,34274,786.0,27631,22286,2816,8573,20436,86.32,88.47,6173,5452,6110,5782,114.0,214.0,5722,5907,5314.0,5565,5994,6029,5.62
29,74.29392858,31.4180681,2590403,98878,51885,46975,18.0,58.27,50.0,11456,8469,2.0,7015,5727,4.0,2748,2467.0,,92743,6135.0,72363,55111,4311,23502,42677,62.46,66.19,7147,5810,15503,14528,648.0,327.0,13777,15167,6978.0,12075,15236,15337,6.32
30,74.333181,31.430263,2590404,36176,18697,17471,8.0,78.84,87.5,3695,3199,1.0,3776,3196,3.0,2820,2462.0,3.0,34709,1467.0,27171,21646,2079,10067,18502,81.49,83.94,4028,2785,5785,5464,80.0,241.0,5163,5587,3814.0,5120,5610,5745,6.16
31,74.324162,31.429016,2590405,23227,12064,11161,2.0,63.4,,3421,2634,,1383,1053,,236,212.0,,23019,208.0,16631,12571,978,7047,9421,68.59,73.32,4276,3232,3383,3209,128.0,46.0,2355,3361,1294.0,2274,3339,3361,6.81
32,74.34239705,31.52594273,2590501,18234,10410,7821,3.0,85.56,66.67,2799,1611,1.0,2579,1920,,1545,1207.0,,16868,1366.0,14952,12382,1340,6246,11394,87.59,89.06,4671,3845,3049,2997,28.0,24.0,2705,3038,2936.0,2839,3022,3042,5.76
33,74.3380911,31.52297502,2590502,4820,2833,1986,1.0,84.42,,775,316,,539,371,,722,650.0,,4636,184.0,4173,3601,536,2384,3480,86.13,87.31,1098,992,828,807,2.0,19.0,677,828,788.0,723,820,824,5.55
34,74.35906295,31.52280637,2590601,16852,9586,7262,4.0,83.09,75.0,2613,1519,3.0,2422,1804,,1371,1110.0,,16287,565.0,13825,11439,1057,6817,10526,85.39,87.05,4732,4261,2560,2518,16.0,26.0,2351,2537,2460.0,2329,2523,2546,5.78
35,74.34250124,31.51627493,2590701,3027,1676,1351,,82.93,,363,184,,333,279,,457,421.0,,2812,215.0,2529,2121,365,1126,1998,83.91,84.68,731,716,574,560,1.0,13.0,561,573,513.0,538,561,567,4.87
36,74.332061,31.522345,2590801,26275,14561,11711,3.0,74.26,33.33,3861,2649,,3321,2229,1.0,1898,1275.0,,18297,7978.0,21113,17216,1458,5914,15253,79.45,83.46,6635,5559,3952,3874,16.0,62.0,3821,3933,3823.0,3828,3916,3937,6.17
37,74.33238398,31.48995324,2590901,9089,4485,4603,1.0,90.92,100.0,754,675,,978,1300,1.0,1390,1317.0,,8918,171.0,7587,6191,1096,3219,5817,92.08,93.29,3879,3584,1676,1607,31.0,38.0,1580,1671,1544.0,1645,1667,1651,5.13
38,74.32387962,31.47528001,2590902,6346,3209,3137,,87.36,,593,515,,717,677,,962,958.0,,6252,94.0,5242,4266,724,1900,4046,89.16,90.95,2774,2710,1035,1004,11.0,20.0,1009,1030,1007.0,1021,1018,1026,6.01
39,74.31610439,31.48731388,2590903,9531,4869,4661,1.0,84.39,100.0,857,739,,973,1023,,1416,1261.0,,9412,119.0,7787,6309,1002,3055,5947,85.67,86.88,3562,3408,1738,1720,10.0,8.0,1729,1734,1653.0,1578,1730,1733,5.43
40,74.32685819,31.49263807,2590904,6424,3379,3045,,88.61,,673,455,,712,710,,994,853.0,,6373,51.0,5261,4246,722,1995,3906,90.48,92.15,2123,2035,1161,1131,14.0,16.0,1004,1159,1078.0,1142,1147,1156,5.23
41,74.34598689,31.47486976,2591001,7239,3612,3625,2.0,71.39,50.0,893,727,,626,707,,270,479.0,,3247,3992.0,5757,4597,304,2524,4035,71.81,72.26,2338,1860,1135,1020,96.0,19.0,1103,1109,1071.0,940,1126,1124,5.83
42,74.33949762,31.49014566,2591002,9823,5172,4649,2.0,83.98,50.0,1251,905,,1331,1192,,814,794.0,,9661,162.0,7975,6398,671,2947,5801,86.32,88.38,2635,2300,1572,1435,27.0,110.0,1482,1565,1486.0,1515,1489,1571,5.74
43,74.332816,31.503219,2591003,8768,4570,4197,1.0,49.76,100.0,794,492,,452,309,,206,144.0,1.0,6707,2061.0,6170,4553,377,2536,3558,59.35,67.86,2320,1960,975,865,39.0,71.0,959,971,926.0,959,966,974,8.73
44,74.3436435,31.4906844,2591004,8857,4551,4306,,65.23,,1250,1020,,883,753,,167,181.0,,4516,4341.0,6831,5268,397,1193,4475,69.32,73.24,2303,1749,1407,1316,7.0,84.0,1306,1401,1367.0,849,1326,1407,6.24
45,74.344594,31.487462,2591005,12362,6386,5976,,77.19,,2003,1578,,1453,1315,,404,356.0,,12286,76.0,9440,7565,641,2733,6458,80.51,83.55,4058,3300,2056,1995,16.0,45.0,1972,2050,2009.0,1732,2028,2054,5.89
46,74.33466662,31.47344453,2591101,11266,5695,5571,,91.39,,999,963,,1681,1772,,1321,1194.0,,8269,2997.0,9224,7673,1118,3561,7159,92.32,93.26,4079,3915,1909,1879,7.0,23.0,1875,1908,1865.0,1873,1890,1617,5.8
47,74.33000099,31.47098222,2591102,11208,6029,5177,2.0,86.34,50.0,1271,1109,,1831,1351,,961,743.0,,10893,315.0,9019,7278,597,3316,6567,89.19,91.62,1754,1556,2089,1977,35.0,77.0,2011,2071,1814.0,2067,2033,2076,5.31
48,74.3197122,31.46596371,2591103,11753,6081,5672,,83.9,,1167,957,,1593,1392,,1265,1118.0,,11674,79.0,9397,7632,878,4088,6877,86.33,88.56,2597,2359,2019,1673,28.0,318.0,1645,2003,1923.0,1863,1823,1989,5.74
49,74.325782,31.471964,2591104,8762,4469,4289,4.0,85.29,25.0,760,697,,1073,1003,1.0,1075,972.0,,7722,1040.0,6990,5695,799,1758,5155,88.11,90.92,3213,3007,1536,1513,8.0,15.0,1456,1531,1497.0,1523,1528,1532,5.66
50,74.328912,31.467372,2591201,54044,28534,25480,30.0,70.21,60.0,7620,5790,10.0,5029,4311,5.0,1431,1362.0,,51556,2488.0,41141,32032,2486,18397,26144,74.1,77.54,12099,9791,9041,8596,80.0,365.0,7606,8972,8394.0,7772,8834,8855,5.83
51,74.33125916,31.46193151,2591202,27804,15159,12628,17.0,75.81,47.06,4748,3323,3.0,3171,2479,5.0,720,692.0,,27464,340.0,21423,17266,1456,9096,14667,79.69,82.89,6697,5461,4320,4211,57.0,52.0,3963,4292,4136.0,4046,4284,4235,6.09
52,74.335921,31.4698,2591203,11791,5936,5854,1.0,78.52,100.0,1397,1239,,1284,1319,1.0,585,683.0,,6644,5147.0,9171,7407,906,2730,6268,79.27,80.03,3874,3314,1925,1863,39.0,23.0,1529,1918,1714.0,1561,1902,1920,6.11
53,74.3342677,31.46497115,2591204,10022,5175,4844,3.0,72.59,66.67,1663,1381,,789,922,1.0,142,168.0,,7500,2522.0,7705,5983,545,3119,4944,74.3,75.94,3197,2523,1600,1550,29.0,21.0,996,1587,1207.0,1238,1590,1599,6.17
54,74.33571656,31.4607706,2591301,16800,8866,7916,18.0,72.06,22.22,2087,1688,2.0,2104,1757,,517,513.0,1.0,16641,159.0,13014,10314,942,5070,9238,74.91,77.59,4552,3895,2590,2528,32.0,30.0,2088,2577,2519.0,2464,2569,2588,6.34
55,74.33968896,31.46628471,2591302,12187,6302,5881,4.0,69.25,75.0,1553,1278,2.0,1283,1212,,280,328.0,1.0,9395,2792.0,9316,7311,662,2670,6143,71.65,73.91,4196,3376,1833,1712,81.0,40.0,1297,1804,1771.0,1706,1802,1831,6.58
56,74.34121396,31.46895454,2591303,7397,3706,3685,6.0,86.88,83.33,879,754,2.0,1123,1113,2.0,489,564.0,1.0,1953,5444.0,6003,4911,608,1684,4497,88.81,90.75,2385,2172,1313,1276,29.0,8.0,1216,1305,1247.0,1250,1304,1300,5.6
57,74.34039145,31.47272637,2591304,12757,6430,6321,6.0,83.23,33.33,1504,1364,1.0,1982,1902,1.0,749,813.0,,2366,10391.0,10348,8522,1089,4393,7632,84.64,86.11,3377,3027,2229,2149,34.0,46.0,1664,2210,2172.0,2204,2196,2223,5.58
58,74.3446769,31.4670482,2591401,6557,3377,3176,4.0,84.79,25.0,866,776,,956,775,1.0,294,306.0,,6435,122.0,5021,4037,442,411,3578,87.65,90.46,2139,1776,1170,1148,3.0,19.0,1146,1143,1105.0,1144,1152,1158,5.57
59,74.34376376,31.46239299,2591402,13682,7134,6546,2.0,80.93,,1966,1627,,1813,1494,,543,557.0,,13392,290.0,10493,8314,811,2929,7301,83.83,86.49,4190,3359,2123,2079,24.0,20.0,1611,2115,2070.0,2099,2107,2117,6.29
60,74.34630827,31.4607715,2591403,17065,8867,8197,1.0,78.23,100.0,2298,1929,,1934,1708,1.0,652,595.0,,16237,828.0,13064,10212,917,4867,8772,81.78,85.11,4136,3242,2667,2591,37.0,39.0,2639,2649,2518.0,2488,2646,2655,5.96
61,74.34954778,31.45773488,2591404,4363,2207,2156,,83.79,,540,497,,581,501,,286,277.0,,4283,80.0,3393,2697,242,1370,2364,86.94,90.03,888,705,612,603,7.0,2.0,418,606,584.0,547,609,609,6.28
62,74.34814671,31.45343151,2591501,16729,8643,8081,5.0,78.74,80.0,2696,2218,3.0,1811,1706,,489,502.0,,16627,102.0,12755,9983,953,4794,8447,82.03,85.15,5199,4000,2675,2616,22.0,37.0,2484,2664,2581.0,2210,2650,2671,6.23
63,74.34669,31.452941,2591502,4132,2126,2006,,72.4,,639,474,,456,394,,82,62.0,,3821,311.0,3105,2454,227,1260,2040,77.04,81.21,1206,925,753,748,3.0,2.0,498,752,727.0,686,750,753,5.42
64,74.34702952,31.45687129,2591503,11877,6301,5576,,70.41,,1738,1291,,1373,1065,,486,423.0,,10735,1142.0,9044,7191,560,3785,6073,75.82,80.54,3544,2719,1905,1891,9.0,5.0,1257,1897,1814.0,1441,1899,1905,6.21
65,74.34317022,31.4585432,2591504,12144,6484,5653,7.0,68.85,71.43,1818,1445,2.0,1171,944,1.0,285,235.0,1.0,11300,844.0,9230,7180,648,3333,5991,72.63,75.91,3144,2322,1933,1895,18.0,20.0,1913,1928,1881.0,1323,1901,1932,6.07
66,74.33907871,31.45966502,2591505,8524,4561,3960,3.0,70.1,33.33,1316,928,1.0,831,629,,177,158.0,,7774,750.0,6479,5042,423,2768,4260,75.23,79.59,509,385,1462,1434,15.0,13.0,1267,1436,1377.0,1233,1450,1454,5.66
67,74.34392969,31.45291695,2591506,5110,2616,2494,,74.71,,688,596,,561,485,,113,127.0,,4988,122.0,3867,3031,230,1341,2592,78.43,82.06,1520,1145,860,834,15.0,11.0,850,846,816.0,741,852,857,5.93
68,74.3520464,31.4454544,2591601,30203,15838,14362,3.0,70.14,66.67,4137,3418,2.0,3141,2374,,750,680.0,,28342,1861.0,22744,17443,1472,8639,14203,74.05,77.58,4094,2882,4689,4474,120.0,95.0,4548,4644,4346.0,3881,4496,4673,6.36
69,74.33982221,31.4463836,2591602,14561,7639,6918,4.0,77.01,25.0,2135,1674,,1533,1336,,382,424.0,,14435,126.0,10962,8570,655,3257,7560,80.11,82.98,4422,3239,2172,2091,26.0,55.0,2145,2151,2024.0,1968,2154,2144,6.39
70,74.343522,31.443708,2591603,55536,29190,26330,16.0,62.66,25.0,8118,6414,1.0,4497,3488,2.0,844,758.0,1.0,54605,931.0,41211,31511,2397,15573,24751,67.1,71.11,7965,5699,8484,7809,161.0,514.0,7894,8384,7510.0,7018,8104,7926,6.45
71,74.34920388,31.44798585,2591604,27091,15538,11551,2.0,63.24,50.0,4568,2680,,2599,1591,,478,376.0,,26552,539.0,20886,16880,1286,5625,14234,66.83,69.31,4954,3524,3658,3335,59.0,264.0,3350,3635,3460.0,3488,3493,3161,6.57
72,74.3576963,31.4482424,2591605,9694,5167,4527,,71.12,,1679,1249,,829,791,,190,171.0,,9637,57.0,7375,5726,478,2942,4680,75.01,78.39,3257,2376,1416,1389,12.0,15.0,1403,1412,1370.0,872,1402,1414,6.64
73,74.35951254,31.44349779,2591606,19083,10018,9063,2.0,58.27,50.0,2568,1971,1.0,1331,1101,,194,185.0,,18671,412.0,14195,10864,784,4953,8310,62.94,67.09,4749,3108,2723,2640,35.0,48.0,2393,2697,2530.0,1717,2340,2707,6.76
74,74.35521,31.44380445,2591607,30067,15751,14303,13.0,69.52,23.08,4178,3244,,2780,2177,1.0,711,631.0,1.0,29647,420.0,22517,17337,1315,9124,13976,73.72,77.51,5879,4408,4467,4266,65.0,136.0,4344,4404,3856.0,3854,4360,4427,6.68
75,74.363208,31.447787,2591608,16300,8381,7918,1.0,70.57,100.0,2673,2273,1.0,1259,1221,,260,219.0,,16131,169.0,12068,9270,806,4732,7205,73.89,77.05,1976,1400,2665,2559,40.0,66.0,2593,2652,2596.0,2558,2606,2649,6.11
76,74.376815,31.451544,2591609,25823,13485,12324,14.0,56.31,35.71,3243,2473,2.0,1685,1277,1.0,344,293.0,,25457,366.0,18561,13989,1040,7659,11186,60.47,64.21,4041,2619,3950,3648,97.0,205.0,3430,3848,2476.0,2891,3800,3883,6.43
77,74.37525769,31.44690442,2591610,26222,13779,12439,4.0,47.49,50.0,3119,2460,1.0,1437,1098,1.0,239,226.0,,24518,1704.0,18663,13921,933,3847,10310,50.93,54.02,3952,2692,3790,3312,139.0,339.0,3703,3699,1893.0,2838,3708,3734,6.84
78,74.3645969,31.441686,2591611,17138,8827,8308,3.0,63.31,66.67,2300,1913,1.0,1264,1030,1.0,230,221.0,,16217,921.0,12577,9584,672,3403,7714,67.98,72.3,2154,1382,2670,2587,48.0,35.0,2323,2658,2131.0,2297,2582,2667,6.34
79,74.306297,31.454504,2591701,6661,3352,3304,5.0,91.75,40.0,660,680,,834,883,1.0,825,640.0,,6594,67.0,5237,4224,534,1761,3825,93.89,96.13,1489,1318,1057,1043,6.0,8.0,703,1056,972.0,1048,1052,1056,6.08
80,74.30529559,31.45633469,2591702,7977,4078,3899,,89.54,,1037,1012,,1173,1044,,464,441.0,,7802,175.0,6199,4922,575,2208,4454,91.45,93.34,2725,2486,1200,1195,4.0,1.0,887,1196,1196.0,1178,1199,1198,6.46
81,74.2959458,31.44105522,2591703,13155,6711,6442,2.0,91.89,50.0,1075,979,,1855,1897,,1955,1694.0,1.0,12967,188.0,10747,8790,1289,4698,8462,93.28,94.66,3531,3450,2245,2196,20.0,29.0,2196,2235,2119.0,2213,2220,2240,5.81
82,74.31200263,31.46323631,2591704,16577,8552,8025,,79.44,,2078,1772,,2181,2070,,692,712.0,,15355,1222.0,12821,10159,1086,4758,8676,80.83,82.14,4674,3964,2571,2496,39.0,36.0,2531,2546,2459.0,2557,2541,2569,6.37
83,74.30947791,31.45783325,2591705,7532,4003,3529,,77.28,,1132,843,,918,779,,366,346.0,,6881,651.0,5820,4731,451,2311,4025,81.0,84.26,1910,1654,1209,1176,26.0,7.0,1019,1180,1167.0,969,1204,1209,6.2
84,74.31325073,31.45894711,2591706,7947,4053,3894,,84.62,,1084,944,,1035,987,,445,469.0,,7795,152.0,6212,4927,529,2388,4368,86.83,88.99,2276,2030,1248,1205,16.0,27.0,1212,1240,1217.0,1107,1224,1242,6.32
85,74.30600822,31.46190137,2591707,15187,7796,7391,,88.7,,2104,1768,,2225,2157,,908,914.0,,15087,100.0,11813,9312,979,2147,8432,90.32,91.85,4612,4113,2397,2265,43.0,89.0,2199,2385,2329.0,2351,2323,2389,6.23
86,74.31069395,31.45270161,2591801,20014,10280,9730,4.0,83.11,75.0,2373,1850,1.0,2696,2681,1.0,1491,1395.0,1.0,19617,397.0,15802,12563,1268,4792,11005,85.13,87.05,4084,3598,3351,3083,41.0,227.0,3112,3107,2815.0,3168,3138,3202,5.55
87,74.31624076,31.45457784,2591802,10317,5246,5069,2.0,90.38,50.0,1251,1146,,1575,1402,1.0,717,698.0,,10211,106.0,8025,6483,706,1948,5871,91.78,93.13,2560,2172,1660,1643,2.0,15.0,1644,1651,1620.0,1641,1648,1660,6.2
88,74.32053766,31.45808605,2591803,7109,3574,3535,,88.86,,560,465,,841,831,,1087,1079.0,,7000,109.0,5746,4744,825,1774,4447,90.05,91.22,2611,2335,1140,1089,10.0,41.0,1000,1126,1026.0,1099,1119,1138,6.08
89,74.32041684,31.45107003,2591804,10416,5518,4897,1.0,90.58,100.0,1286,1037,,1661,1373,,971,885.0,1.0,10381,35.0,8222,6647,699,2478,6110,92.74,94.64,2792,2487,1639,1616,5.0,18.0,1626,1623,1621.0,1628,1626,1635,6.28
90,74.2957096,31.43274956,2591901,11219,5770,5446,3.0,75.75,100.0,1464,1191,2.0,1137,995,,478,489.0,,9127,2092.0,8554,6725,609,2972,5776,78.79,81.63,2656,2154,1788,1682,84.0,22.0,1771,1776,1569.0,1574,1767,1788,6.21
91,74.30005215,31.43513041,2591902,21582,11055,10525,2.0,77.71,100.0,2862,2542,,2420,2110,,1039,1048.0,2.0,18069,3513.0,16439,13008,1259,4974,11528,80.56,83.32,4281,3551,3287,3186,68.0,33.0,3194,3226,3202.0,3122,3261,3234,6.52
92,74.30414584,31.44231109,2591903,8816,4496,4319,1.0,87.08,100.0,1006,854,,1169,1092,1.0,872,827.0,,8425,391.0,6950,5692,716,2171,5279,89.42,91.68,2978,2634,1319,1280,15.0,24.0,1253,1314,1132.0,1265,1307,1319,6.52
93,74.30346048,31.43649609,2592001,4902,2486,2416,,83.32,,745,631,,577,544,,178,194.0,,4893,9.0,3669,2899,243,1641,2615,86.84,90.21,1363,1211,768,743,2.0,23.0,747,768,760.0,766,752,768,6.34
94,74.307456,31.436247,2592002,12640,6561,6077,2.0,82.49,100.0,1934,1600,2.0,1657,1389,,598,603.0,,12477,163.0,9879,7825,708,5514,6965,84.97,87.2,4634,3993,1930,1911,16.0,3.0,1926,1923,1909.0,1798,1926,1927,6.26
95,74.31232877,31.43430495,2592003,10608,5699,4908,1.0,85.03,100.0,1876,1366,,1570,1269,1.0,418,430.0,,10423,185.0,8346,6672,564,3314,5901,87.62,89.81,3051,2560,1763,1707,26.0,30.0,1736,1745,1717.0,1743,1737,1761,5.85
96,74.31608324,31.44148347,2592004,21663,11612,10049,2.0,62.84,,3114,2198,,1821,1378,,419,399.0,,18227,3436.0,16434,12874,955,7371,10351,66.78,70.09,4194,3306,3379,3272,62.0,45.0,3327,3363,3139.0,2884,3343,3360,6.26
97,74.30804191,31.44396183,2592005,13688,7005,6679,4.0,85.02,50.0,1537,1462,,2132,1741,1.0,1109,1043.0,1.0,13326,362.0,10635,8495,948,4948,7672,87.7,90.28,3771,3259,2235,2201,5.0,29.0,1645,2225,2060.0,2203,2221,2232,5.9
98,74.31246623,31.44335482,2592006,13257,6832,6423,2.0,83.84,100.0,1871,1551,,1697,1516,,614,697.0,1.0,12319,938.0,10174,8240,823,3170,7346,86.04,88.11,4001,3491,2308,2246,17.0,45.0,2255,2293,2228.0,2256,2264,2301,5.7
99,74.303827,31.429224,2592101,15665,8144,7519,2.0,68.58,50.0,1956,1599,,1156,986,,213,223.0,1.0,12504,3161.0,11684,8967,710,4690,8140,71.28,73.7,5745,4187,2404,2352,29.0,23.0,2379,2397,2254.0,2344,2386,2401,6.45
100,74.3050395,31.432923,2592102,17334,8866,8468,,85.12,,2537,2145,,2132,1930,,675,739.0,,17167,167.0,13180,10544,1044,4487,9146,87.45,89.68,5559,4593,2885,2804,49.0,32.0,2742,2859,2803.0,2462,2857,2869,5.97
101,74.30948524,31.43163224,2592103,10769,5520,5249,,81.7,,1481,1203,,1265,1245,,382,435.0,,10584,185.0,8229,6520,612,1663,5630,83.32,84.86,3226,2655,1610,1581,5.0,24.0,1583,1605,1542.0,1527,1591,1581,6.56
102,74.31264559,31.4937161,2592201,6212,3247,2962,3.0,95.61,100.0,594,569,,953,907,2.0,867,740.0,1.0,6113,99.0,5217,4352,720,2032,4158,96.17,96.67,2597,2560,1101,1078,16.0,7.0,987,1094,1042.0,1100,1099,1098,5.41
103,74.31871085,31.50769368,2592202,9193,5074,4118,1.0,86.41,100.0,1140,677,,1173,922,1.0,1380,1248.0,,9055,138.0,7795,6457,982,3674,6217,87.61,88.54,2994,2911,1551,1512,7.0,32.0,1135,1540,1467.0,1475,1536,1542,5.69
104,74.31756117,31.50192378,2592203,14213,8229,5978,6.0,64.65,33.33,1771,1235,1.0,1882,876,1.0,1058,515.0,,13107,1106.0,11381,9312,829,4431,8522,71.71,76.57,3889,3128,2089,1999,49.0,41.0,1772,2052,1880.0,1938,2055,2085,5.98
105,74.32418378,31.4987423,2592204,5314,2845,2467,2.0,89.87,100.0,521,369,,696,562,1.0,914,792.0,,5290,24.0,4499,3782,648,1770,3578,91.31,92.52,2631,2491,878,859,2.0,17.0,788,869,829.0,869,869,872,5.4
106,74.30282422,31.48435024,2592301,18848,9736,9110,2.0,96.01,50.0,1187,779,,3168,3391,,3799,3472.0,1.0,17667,1181.0,17172,15729,944,4721,15172,95.94,95.87,2932,2757,1511,1434,12.0,65.0,1081,1508,1437.0,1415,1463,1506,6.17
107,74.30713618,31.47734644,2592302,12494,6769,5718,7.0,66.44,14.29,1437,1014,,1170,886,,759,597.0,,12430,64.0,9575,7569,707,3383,6436,71.1,75.03,3849,3077,2104,2051,12.0,41.0,1862,2089,2040.0,1563,2075,2090,5.82
108,74.30721197,31.48752089,2592303,11988,6539,5443,6.0,82.01,50.0,936,789,1.0,1434,1161,2.0,2032,1424.0,,11608,380.0,9969,8213,1141,3297,7602,85.04,87.55,3295,3245,2050,2000,25.0,25.0,1274,2041,1925.0,1706,2031,2046,5.47
109,74.3094527,31.4769959,2592304,4228,3132,1096,,86.97,,505,231,,941,251,,1007,149.0,,4218,10.0,3721,3284,138,1112,3000,92.07,93.62,654,556,1054,890,159.0,5.0,1030,1047,1006.0,1036,1053,1049,3.93
110,74.31441889,31.4709978,2592305,5431,2720,2711,,92.95,,373,371,,527,622,,1135,1012.0,,5375,56.0,4486,3735,669,1614,3511,94.29,95.65,1766,1795,1007,982,5.0,20.0,941,998,983.0,959,988,1004,5.37
111,74.30947651,31.46783988,2592306,14054,7439,6614,1.0,84.33,100.0,1406,1157,,1787,1474,1.0,1487,1275.0,,13973,81.0,11226,9094,1117,4629,8105,86.76,88.89,4087,3817,2328,2231,71.0,26.0,2183,2303,2164.0,2286,2303,2301,5.82
112,74.30415308,31.47150023,2592307,5691,2868,2823,,93.12,,381,370,,723,729,,1069,993.0,,5611,80.0,4741,3957,694,1540,3771,94.33,95.52,2459,2468,1083,1067,7.0,9.0,449,1073,1061.0,1059,1078,1077,5.22
113,74.29915173,31.47106081,2592401,14289,7374,6913,2.0,77.69,100.0,1292,1012,,1582,1426,2.0,1709,1524.0,,13698,591.0,11391,9224,1113,4608,8232,80.3,82.68,2638,2492,2502,2350,59.0,93.0,1916,2462,2293.0,2067,2459,2486,5.59
114,74.29710115,31.46371023,2592402,8843,4464,4379,,90.13,,717,736,,1131,1125,,1320,1185.0,,8652,191.0,7263,5908,722,1534,5465,91.27,92.39,2042,1923,1548,1472,36.0,40.0,1369,1526,1447.0,1454,1512,1519,5.56
115,74.29335398,31.46142725,2592403,14352,7644,6692,16.0,58.58,31.25,1685,1099,3.0,917,713,,472,440.0,,14017,335.0,10756,8117,672,4294,6440,63.74,68.25,2103,1652,2139,1977,114.0,48.0,2104,2108,1952.0,1123,2126,2133,6.44
116,74.30169488,31.46081343,2592404,23908,11893,12011,4.0,87.81,100.0,2001,1857,1.0,2971,3088,2.0,3124,3088.0,1.0,23594,314.0,19292,15907,1900,6273,14481,89.6,91.43,3445,3281,4039,3907,28.0,104.0,3496,4004,3823.0,3971,3977,4034,5.57
117,74.2934106,31.48012479,2592501,5814,3124,2687,3.0,89.71,66.67,562,513,,866,783,1.0,1019,662.0,,5716,98.0,4929,3898,221,1687,3614,92.76,95.4,1629,1501,1059,1041,9.0,9.0,883,1056,974.0,1007,1051,1059,5.44
118,74.29951214,31.47448176,2592502,6922,3746,3174,2.0,86.39,,598,453,,991,790,,1053,888.0,,6803,119.0,5639,4701,568,2224,4540,87.85,89.13,2286,2044,1318,1264,21.0,33.0,1291,1302,1187.0,1223,1313,1312,5.16
119,74.291529,31.476122,2592503,15734,8471,7260,3.0,63.0,66.67,1990,1409,1.0,1632,1121,1.0,703,482.0,,14222,1512.0,12040,9456,812,5340,7958,68.36,72.74,2566,1961,2658,2598,17.0,43.0,2347,2642,2390.0,2086,2611,2656,5.77
120,74.28811149,31.46749159,2592504,13161,6710,6451,,76.08,,1146,955,,1481,1472,,1386,1266.0,,13028,133.0,10575,8414,976,3211,7547,78.5,80.8,2275,1950,2135,1973,81.0,81.0,1892,2080,1710.0,1977,2079,2098,5.9
121,74.28284116,31.47476228,2592505,10457,5392,5061,4.0,82.38,100.0,728,676,2.0,1462,1227,2.0,1395,1260.0,,10350,107.0,8387,6866,916,2988,6453,84.0,85.47,1639,1571,1796,1632,25.0,139.0,1248,1720,1461.0,1644,1718,1787,5.67
122,74.28640318,31.47260833,2592506,7309,3685,3624,,87.66,,573,548,,1002,952,,958,864.0,,7212,97.0,5845,4671,583,2115,4312,89.92,92.15,1686,1588,1329,1279,25.0,25.0,1229,1321,1183.0,1191,1251,1232,5.44
123,74.28929064,31.48031249,2592507,12452,6400,6050,2.0,85.41,100.0,1382,1352,,1897,1552,,1182,969.0,2.0,12189,263.0,9920,7839,562,3543,7057,89.31,93.0,2702,2246,2238,2169,10.0,59.0,1724,2219,2091.0,2220,2230,2233,5.53
124,74.285217,31.519272,2592601,1946,934,1011,1.0,86.58,,141,154,,268,301,,264,247.0,,1934,12.0,1591,1313,189,556,1194,88.25,90.17,432,362,383,382,1.0,,366,381,381.0,381,382,382,5.08
125,74.2886406,31.5178656,2592602,6351,3268,3081,2.0,90.44,100.0,584,561,,1016,889,,797,770.0,2.0,6280,71.0,5206,4247,585,1217,3955,92.05,93.58,2314,2123,1140,1124,9.0,7.0,1119,1137,1124.0,1131,1133,1138,5.45
126,74.27912944,31.51662023,2592603,11613,5834,5779,,90.99,,1025,978,,1579,1613,,1482,1421.0,,11578,35.0,9411,7622,1100,2472,7082,92.02,93.05,4054,3907,1891,1864,19.0,8.0,1840,1887,1690.0,1882,1882,1885,6.1
127,74.27917,31.511499,2592604,6727,3307,3419,1.0,95.08,100.0,504,547,,914,996,,1131,1031.0,1.0,6684,43.0,5536,4571,842,1962,4371,96.37,97.69,2526,2458,1191,1183,3.0,5.0,862,1189,1187.0,1183,1190,1191,5.6
128,74.28998,31.509662,2592701,14325,7529,6795,1.0,69.93,,1538,1186,,1323,1131,,981,901.0,,13411,914.0,11031,8562,964,3767,7283,72.56,74.93,2887,2450,2425,2313,69.0,43.0,2138,2412,2250.0,2149,2399,2416,5.86
129,74.29438596,31.5079704,2592702,12386,6629,5754,3.0,61.1,66.67,1436,1034,2.0,1291,828,,529,451.0,,11713,673.0,9457,7239,592,4203,5919,67.62,73.24,3129,2491,1912,1811,70.0,31.0,1742,1884,1778.0,1531,1885,1907,6.26
130,74.296083,31.512838,2592703,7617,3914,3703,,87.52,,710,666,,1021,929,,971,919.0,,7440,177.0,6165,5002,736,2350,4645,88.56,89.55,2408,2319,1272,1259,2.0,11.0,1118,1269,1257.0,1260,1263,1267,5.9
131,74.29166529,31.50146182,2592704,3027,1595,1432,,89.64,,360,307,,497,381,,370,304.0,,2884,143.0,2570,2071,89,1148,1960,92.18,94.43,1146,952,511,502,,9.0,505,508,496.0,497,504,509,5.86
132,74.284037,31.508518,2592801,14816,8023,6793,,86.89,,1463,1173,,1971,1649,,2036,1572.0,,14388,428.0,11962,9750,1280,4317,9028,88.68,90.18,3881,3459,2420,2335,33.0,52.0,1830,2407,2281.0,2211,2384,2391,5.81
133,74.285384,31.497518,2592802,11962,6047,5915,,93.15,,978,952,,1658,1690,,1955,1776.0,,11739,223.0,9984,8213,1460,1842,7915,93.67,94.18,4059,3936,2087,2060,9.0,18.0,1450,2074,1941.0,2042,2071,2072,5.61
134,74.304517,31.515214,2592901,8430,4336,4094,,85.8,,751,793,,1272,1075,,1060,829.0,,8249,181.0,6848,5342,473,1767,4943,88.62,91.29,2933,2611,1410,1381,6.0,23.0,912,1407,1394.0,1355,1395,1407,5.86
135,74.31174281,31.51890047,2592902,7373,3791,3582,,81.96,,845,798,,1003,857,,575,496.0,,7112,261.0,5853,4645,433,1026,4204,84.9,87.75,2880,2550,1095,1014,70.0,11.0,923,1090,1058.0,1076,1090,1090,6.67
136,74.317659,31.515125,2592903,6917,3407,3509,1.0,92.7,,684,456,,933,1167,,1064,1071.0,,6697,220.0,5940,4966,448,1155,4772,94.34,96.08,2515,2338,951,938,9.0,4.0,935,949,904.0,939,949,948,5.92
137,74.30815455,31.50923776,2592904,8964,4892,4072,,90.1,,969,624,,1481,1121,,1260,1234.0,,8870,94.0,7648,6313,801,2272,5865,91.15,92.0,2725,2643,1390,1330,50.0,10.0,1382,1387,1350.0,1381,1384,1387,5.7
138,74.29393008,31.51771912,2593001,7239,3709,3530,,92.84,,592,538,,1058,1060,,1186,1004.0,,7125,114.0,5927,4845,680,2013,4613,94.55,96.18,3395,3275,1312,1284,11.0,17.0,1194,1303,1272.0,1292,1294,1305,5.48
139,74.29909256,31.5138338,2593002,4108,2137,1970,1.0,92.15,100.0,357,326,,594,508,1.0,635,568.0,,3928,180.0,3342,2761,392,1257,2597,93.51,94.76,1139,1034,740,723,3.0,14.0,542,737,712.0,718,730,735,5.54
140,74.300236,31.521513,2593003,13506,6860,6646,,93.55,,1137,1080,,2158,2074,,1809,1699.0,,13356,150.0,11055,9027,1249,3367,8463,94.71,95.84,5103,4757,2463,2425,19.0,19.0,2240,2438,2341.0,2423,2443,2451,5.41
141,74.303541,31.521628,2593004,9453,4834,4617,2.0,92.07,50.0,986,878,,1514,1515,,998,893.0,,9408,45.0,7583,6150,739,2648,5565,93.51,94.93,2809,2531,1668,1603,52.0,13.0,1172,1664,1593.0,1652,1656,1666,5.66
142,74.305712,31.52486,2593101,16064,8204,7857,3.0,83.59,66.67,2007,1823,,2228,2065,2.0,924,955.0,,15864,200.0,12409,9914,1049,3963,8670,85.04,86.45,3869,3158,2569,2479,58.0,32.0,2535,2566,2306.0,2480,2542,2564,6.18
143,74.30564915,31.52052956,2593102,23120,11677,11441,2.0,88.22,,2650,2533,,3427,3147,,1765,1764.0,,22935,185.0,18192,14523,1578,6374,12865,89.54,90.85,6190,5201,3799,3733,15.0,51.0,3474,3780,3584.0,3610,3757,3792,6.05
144,74.313357,31.529432,2593201,12790,6557,6232,1.0,88.68,,1745,1495,,1892,1783,,748,742.0,,12737,53.0,10124,8063,866,3647,7036,89.63,90.54,4382,3741,2002,1988,4.0,10.0,1925,1993,1957.0,1994,1995,2002,5.88
145,74.31430687,31.52739081,2593202,14377,7385,6990,2.0,83.79,100.0,1993,1667,,1793,1857,1.0,573,602.0,,14275,102.0,11085,8694,900,4315,7553,85.04,86.23,2790,2251,2303,2235,22.0,46.0,2198,2288,2193.0,2159,2268,2299,6.02
146,74.3103791,31.52686,2593203,12645,6607,6032,6.0,81.0,83.33,1669,1326,1.0,1617,1496,,483,517.0,,12540,105.0,9762,7644,778,3717,6678,82.6,84.05,3371,2641,1896,1807,19.0,70.0,1480,1887,1818.0,1775,1831,1883,6.57
147,74.318118,31.537229,2593301,10613,5778,4830,5.0,90.93,80.0,1472,1048,1.0,1585,1414,1.0,1025,797.0,,10499,114.0,8640,7028,739,3458,6353,91.41,91.81,3542,2988,1841,1766,50.0,25.0,1688,1825,1775.0,1806,1825,1815,5.51
148,74.3186727,31.53385593,2593302,6546,3912,2632,2.0,88.33,50.0,1087,731,,1238,734,,492,231.0,,6497,49.0,5409,4435,368,1060,3870,89.24,89.83,2039,1641,841,826,9.0,6.0,827,838,814.0,827,835,840,6.29
149,74.313938,31.533637,2593303,5935,3122,2813,,80.12,,801,592,,747,831,,189,198.0,,5527,408.0,4719,3798,471,921,3365,79.44,78.83,2160,1843,1056,1027,15.0,14.0,845,1050,993.0,1010,1042,1053,5.62
150,74.31352889,31.53091359,2593304,5522,3103,2415,4.0,78.88,25.0,910,599,,632,587,,263,187.0,1.0,5521,1.0,4446,3548,340,1781,2990,77.17,75.99,1916,1441,783,721,53.0,9.0,774,783,764.0,739,772,781,6.5
151,74.32064972,31.52831311,2593305,6852,3933,2915,4.0,87.44,25.0,721,553,,1163,840,1.0,864,508.0,,6818,34.0,5656,4712,431,1741,4251,87.68,87.92,2607,2296,931,910,14.0,7.0,924,923,900.0,884,924,927,6.37
152,74.318779,31.525085,2593306,14462,7832,6630,,93.54,,1482,1261,,2510,1940,,1635,1337.0,,14358,104.0,11740,9594,1035,4241,8743,94.78,95.8,4977,4180,2191,2150,12.0,29.0,2062,2188,2126.0,2156,2164,2189,6.09
153,74.31525988,31.51905746,2593307,12983,7183,5800,,92.49,,1433,1050,,2464,1783,,1700,1442.0,,12595,388.0,11007,9031,984,3719,8337,94.31,95.76,3593,3357,1956,1811,128.0,17.0,1616,1952,1878.0,1901,1943,1954,5.77
154,74.311554,31.532864,2593401,13818,6950,6867,1.0,89.96,100.0,2014,1745,,2013,2047,,759,814.0,1.0,13725,93.0,11031,8785,1012,3113,8016,90.76,91.55,4657,3846,2328,2287,24.0,17.0,2308,2322,2198.0,2324,2312,2283,5.88
155,74.306796,31.531248,2593402,11776,6146,5630,,89.31,,1538,1300,,1713,1577,,858,924.0,,11710,66.0,9423,7442,859,3292,6815,90.19,91.01,4662,4039,1927,1910,6.0,11.0,1741,1922,1859.0,1924,1919,1924,5.95
156,74.314473,31.53807,2593501,12386,6283,6102,1.0,83.8,100.0,1405,1184,,1682,1703,1.0,931,965.0,,11500,886.0,9905,7986,853,3223,7147,84.39,84.96,4343,3790,2196,2143,19.0,34.0,2160,2184,2151.0,2182,2171,2193,5.56
157,74.310812,31.536338,2593502,6265,3221,3043,1.0,81.79,,734,619,,946,889,,395,405.0,,6231,34.0,4992,3977,465,1293,3452,83.29,84.78,1592,1344,1055,1036,10.0,9.0,1018,1050,1006.0,1018,1049,1052,5.93
158,74.311604,31.53905,2593503,5601,2904,2697,,89.46,,795,587,,840,866,,313,354.0,,5547,54.0,4434,3444,400,1491,3131,90.46,91.39,1658,1025,978,964,5.0,9.0,391,975,938.0,949,967,975,5.62
159,74.33399113,31.52996377,2593601,14796,9212,5582,2.0,90.81,50.0,1169,746,1.0,1813,2013,,1417,1243.0,,14185,611.0,13048,11486,930,5574,10910,85.84,83.01,3685,3483,1660,1603,30.0,27.0,1635,1651,1553.0,1577,1649,1654,5.86
160,74.326054,31.534905,2593602,7921,4133,3788,,81.17,,1072,799,,918,804,,538,506.0,,7807,114.0,6292,4939,433,1768,4210,84.54,87.61,2796,2381,1287,1214,34.0,39.0,1252,1286,1240.0,1200,1271,1286,6.05
161,74.326871,31.528941,2593603,12725,6877,5846,2.0,80.95,100.0,1754,1384,,1797,1428,1.0,1014,646.0,1.0,12532,193.0,10190,8276,812,3907,7387,84.5,87.44,3802,3164,2032,1957,50.0,25.0,2000,2011,1937.0,1978,2009,2020,5.94
162,74.32098305,31.53452044,2593604,12554,6531,6020,3.0,77.71,66.67,1551,1252,,1477,1238,1.0,819,768.0,,11633,921.0,9800,7837,804,1790,6876,81.01,84.05,2875,2398,2109,2023,28.0,58.0,1928,2084,2053.0,2033,2055,2107,5.84
163,74.32609863,31.52329664,2593605,13101,7194,5906,1.0,75.12,,1832,1319,,1943,1308,,633,473.0,,9608,3493.0,10450,8399,757,3399,7215,80.22,84.27,3728,3163,2102,2065,18.0,19.0,1647,2088,1918.0,2053,2087,2024,5.49
164,74.30307762,31.52851286,2593701,5646,2830,2816,,94.49,,572,601,,934,976,,559,497.0,,5622,24.0,4543,3710,491,1526,3428,95.62,96.78,2935,2638,971,952,3.0,16.0,174,955,942.0,967,962,564,5.66
165,74.30888453,31.52961211,2593702,9448,4733,4710,5.0,80.85,20.0,1191,1084,,1183,1202,1.0,419,462.0,,9380,68.0,7293,5768,628,2239,4953,81.94,83.12,2368,2131,1501,1470,20.0,11.0,1395,1498,1453.0,1438,1488,1492,6.27
166,74.308564,31.527786,2593703,13985,7185,6791,9.0,84.54,77.78,2104,1674,2.0,1657,1642,1.0,457,548.0,1.0,13285,700.0,10719,8576,889,3889,7174,85.59,86.58,6687,5323,2408,2381,10.0,17.0,1779,2391,2329.0,2230,2392,2186,5.75
167,74.36556,31.358875,2593801,8789,4584,4201,4.0,60.85,75.0,1167,906,1.0,833,641,1.0,192,226.0,1.0,8707,82.0,6472,5020,449,2854,3973,65.51,69.76,2308,1671,1340,1250,48.0,42.0,1279,1281,1032.0,1132,1269,1295,6.54
168,74.3753825,31.3717318,2593802,11000,5707,5292,1.0,57.2,,1546,1100,,691,564,,91,90.0,,10938,62.0,7860,5771,472,2873,4290,64.01,70.23,2745,1678,1653,1520,103.0,30.0,1621,1620,625.0,697,1617,1648,6.64
169,74.390059,31.36753,2593803,11650,6020,5630,,62.32,,1730,1391,,790,679,,177,174.0,,11630,20.0,8575,6476,496,1636,4910,66.38,70.17,2936,1925,1510,1362,126.0,22.0,1487,1503,987.0,1029,1491,1508,7.66
170,74.37976757,31.36805803,2593804,23054,11961,11092,1.0,57.36,,3028,2458,,1307,1125,,241,225.0,,22388,666.0,16692,12434,936,6066,9289,60.74,63.88,6027,4058,3263,2879,320.0,64.0,3086,3221,1820.0,1756,3162,3252,7.04
171,74.37394967,31.35359539,2593805,24512,12861,11642,9.0,59.94,33.33,3331,2530,2.0,1785,1448,,389,343.0,,24195,317.0,17680,13271,1021,5102,10395,63.93,67.52,4699,2953,3371,3090,171.0,110.0,3215,3328,2022.0,2069,3243,3351,7.23
